ES/EN,MX
['10_dling_esp.txt'],['10_dling_mih.txt']
['10_dpe_esp.txt'],['10_dpe_mio.txt']
['11_dling_esp.txt'],['11_dling_mih.txt']
['11_dpe_esp.txt'],['11_dpe_mio.txt']
['12_dling_esp.txt'],['12_dling_mih.txt']
['12_dpe_esp.txt'],['12_dpe_mio.txt']
['13_dling_esp.txt'],['13_dling_mih.txt']
['13_dpe_esp.txt'],['13_dpe_mio.txt']
['14_dling_esp.txt'],['14_dling_mih.txt']
['14_dpe_esp.txt'],['14_dpe_mio.txt']
['15_dling_esp.txt'],['15_dling_mih.txt']
['15_dpe_esp.txt'],['15_dpe_mio.txt']
['16_dling_esp.txt'],['16_dling_mih.txt']
['16_dpe_esp.txt'],['16_dpe_mio.txt']
['17_dling_esp.txt'],['17_dling_mih.txt']
['17_dpe_esp.txt'],['17_dpe_mio.txt']
['18_dling_esp.txt'],['18_dling_mih.txt']
['19_dling_esp.txt'],['19_dling_mih.txt']
"['1Corintios_10_IJSUD.txt', '1Corintios_10_esp_rva.txt', '1Corintios_10_esp_a.txt']","['1Corintios_10_xtm.txt', '1Corintios_10_mza.txt', '1Corintios_10_mxv.txt', '1Corintios_10_mpm.txt', '1Corintios_10_mks.txt', '1Corintios_10_mjc.txt', '1Corintios_10_miy.txt', '1Corintios_10_mit.txt', '1Corintios_10_mio.txt', '1Corintios_10_mih.txt', '1Corintios_10_mie.txt']"
"['1Corintios_11_IJSUD.txt', '1Corintios_11_esp_rva.txt', '1Corintios_11_esp_a.txt']","['1Corintios_11_xtm.txt', '1Corintios_11_mza.txt', '1Corintios_11_mxv.txt', '1Corintios_11_mpm.txt', '1Corintios_11_mks.txt', '1Corintios_11_mjc.txt', '1Corintios_11_miy.txt', '1Corintios_11_mit.txt', '1Corintios_11_mio.txt', '1Corintios_11_mih.txt', '1Corintios_11_mie.txt']"
"['1Corintios_12_IJSUD.txt', '1Corintios_12_esp_rva.txt', '1Corintios_12_esp_a.txt']","['1Corintios_12_xtm.txt', '1Corintios_12_mza.txt', '1Corintios_12_mxv.txt', '1Corintios_12_mpm.txt', '1Corintios_12_mks.txt', '1Corintios_12_mjc.txt', '1Corintios_12_miy.txt', '1Corintios_12_mit.txt', '1Corintios_12_mio.txt', '1Corintios_12_mih.txt', '1Corintios_12_mie.txt']"
"['1Corintios_13_IJSUD.txt', '1Corintios_13_esp_rva.txt', '1Corintios_13_esp_a.txt']","['1Corintios_13_xtm.txt', '1Corintios_13_mza.txt', '1Corintios_13_mxv.txt', '1Corintios_13_mpm.txt', '1Corintios_13_mks.txt', '1Corintios_13_mjc.txt', '1Corintios_13_miy.txt', '1Corintios_13_mit.txt', '1Corintios_13_mio.txt', '1Corintios_13_mih.txt', '1Corintios_13_mie.txt']"
"['1Corintios_14_IJSUD.txt', '1Corintios_14_esp_rva.txt', '1Corintios_14_esp_a.txt']","['1Corintios_14_xtm.txt', '1Corintios_14_mza.txt', '1Corintios_14_mxv.txt', '1Corintios_14_mpm.txt', '1Corintios_14_mks.txt', '1Corintios_14_mjc.txt', '1Corintios_14_miy.txt', '1Corintios_14_mit.txt', '1Corintios_14_mio.txt', '1Corintios_14_mih.txt', '1Corintios_14_mie.txt']"
"['1Corintios_15_IJSUD.txt', '1Corintios_15_esp_rva.txt', '1Corintios_15_esp_a.txt']","['1Corintios_15_xtm.txt', '1Corintios_15_mza.txt', '1Corintios_15_mxv.txt', '1Corintios_15_mpm.txt', '1Corintios_15_mks.txt', '1Corintios_15_mjc.txt', '1Corintios_15_miy.txt', '1Corintios_15_mit.txt', '1Corintios_15_mio.txt', '1Corintios_15_mih.txt', '1Corintios_15_mie.txt']"
"['1Corintios_16_IJSUD.txt', '1Corintios_16_esp_rva.txt', '1Corintios_16_esp_a.txt']","['1Corintios_16_xtm.txt', '1Corintios_16_mza.txt', '1Corintios_16_mxv.txt', '1Corintios_16_mpm.txt', '1Corintios_16_mks.txt', '1Corintios_16_mjc.txt', '1Corintios_16_miy.txt', '1Corintios_16_mit.txt', '1Corintios_16_mio.txt', '1Corintios_16_mih.txt', '1Corintios_16_mie.txt']"
"['1Corintios_1_IJSUD.txt', '1Corintios_1_esp_rva.txt', '1Corintios_1_esp_a.txt']","['1Corintios_1_xtm.txt', '1Corintios_1_mza.txt', '1Corintios_1_mxv.txt', '1Corintios_1_mpm.txt', '1Corintios_1_mks.txt', '1Corintios_1_mjc.txt', '1Corintios_1_miy.txt', '1Corintios_1_mit.txt', '1Corintios_1_mio.txt', '1Corintios_1_mih.txt', '1Corintios_1_mie.txt']"
"['1Corintios_2_IJSUD.txt', '1Corintios_2_esp_rva.txt', '1Corintios_2_esp_a.txt']","['1Corintios_2_xtm.txt', '1Corintios_2_mza.txt', '1Corintios_2_mxv.txt', '1Corintios_2_mpm.txt', '1Corintios_2_mks.txt', '1Corintios_2_mjc.txt', '1Corintios_2_miy.txt', '1Corintios_2_mit.txt', '1Corintios_2_mio.txt', '1Corintios_2_mih.txt', '1Corintios_2_mie.txt']"
"['1Corintios_3_IJSUD.txt', '1Corintios_3_esp_rva.txt', '1Corintios_3_esp_a.txt']","['1Corintios_3_xtm.txt', '1Corintios_3_mza.txt', '1Corintios_3_mxv.txt', '1Corintios_3_mpm.txt', '1Corintios_3_mks.txt', '1Corintios_3_mjc.txt', '1Corintios_3_miy.txt', '1Corintios_3_mit.txt', '1Corintios_3_mio.txt', '1Corintios_3_mih.txt', '1Corintios_3_mie.txt']"
"['1Corintios_4_IJSUD.txt', '1Corintios_4_esp_rva.txt', '1Corintios_4_esp_a.txt']","['1Corintios_4_xtm.txt', '1Corintios_4_mza.txt', '1Corintios_4_mxv.txt', '1Corintios_4_mpm.txt', '1Corintios_4_mks.txt', '1Corintios_4_mjc.txt', '1Corintios_4_miy.txt', '1Corintios_4_mit.txt', '1Corintios_4_mio.txt', '1Corintios_4_mih.txt', '1Corintios_4_mie.txt']"
"['1Corintios_5_IJSUD.txt', '1Corintios_5_esp_rva.txt', '1Corintios_5_esp_a.txt']","['1Corintios_5_xtm.txt', '1Corintios_5_mza.txt', '1Corintios_5_mxv.txt', '1Corintios_5_mpm.txt', '1Corintios_5_mks.txt', '1Corintios_5_mjc.txt', '1Corintios_5_miy.txt', '1Corintios_5_mit.txt', '1Corintios_5_mio.txt', '1Corintios_5_mih.txt', '1Corintios_5_mie.txt']"
"['1Corintios_6_IJSUD.txt', '1Corintios_6_esp_rva.txt', '1Corintios_6_esp_a.txt']","['1Corintios_6_xtm.txt', '1Corintios_6_mza.txt', '1Corintios_6_mxv.txt', '1Corintios_6_mpm.txt', '1Corintios_6_mks.txt', '1Corintios_6_mjc.txt', '1Corintios_6_miy.txt', '1Corintios_6_mit.txt', '1Corintios_6_mio.txt', '1Corintios_6_mih.txt', '1Corintios_6_mie.txt']"
"['1Corintios_7_IJSUD.txt', '1Corintios_7_esp_rva.txt', '1Corintios_7_esp_a.txt']","['1Corintios_7_xtm.txt', '1Corintios_7_mza.txt', '1Corintios_7_mxv.txt', '1Corintios_7_mpm.txt', '1Corintios_7_mks.txt', '1Corintios_7_mjc.txt', '1Corintios_7_miy.txt', '1Corintios_7_mit.txt', '1Corintios_7_mio.txt', '1Corintios_7_mih.txt', '1Corintios_7_mie.txt']"
"['1Corintios_8_IJSUD.txt', '1Corintios_8_esp_rva.txt', '1Corintios_8_esp_a.txt']","['1Corintios_8_xtm.txt', '1Corintios_8_mza.txt', '1Corintios_8_mxv.txt', '1Corintios_8_mpm.txt', '1Corintios_8_mks.txt', '1Corintios_8_mjc.txt', '1Corintios_8_miy.txt', '1Corintios_8_mit.txt', '1Corintios_8_mio.txt', '1Corintios_8_mih.txt', '1Corintios_8_mie.txt']"
"['1Corintios_9_IJSUD.txt', '1Corintios_9_esp_rva.txt', '1Corintios_9_esp_a.txt']","['1Corintios_9_xtm.txt', '1Corintios_9_mza.txt', '1Corintios_9_mxv.txt', '1Corintios_9_mpm.txt', '1Corintios_9_mks.txt', '1Corintios_9_mjc.txt', '1Corintios_9_miy.txt', '1Corintios_9_mit.txt', '1Corintios_9_mio.txt', '1Corintios_9_mih.txt', '1Corintios_9_mie.txt']"
"['1Juan_1_IJSUD.txt', '1Juan_1_esp_rva.txt', '1Juan_1_esp_a.txt']","['1Juan_1_mks.txt', '1Juan_1_mie.txt', '1Juan_1_xtm.txt', '1Juan_1_vmy.txt', '1Juan_1_mza.txt', '1Juan_1_mxv.txt', '1Juan_1_mpm.txt', '1Juan_1_mjc.txt', '1Juan_1_miy.txt', '1Juan_1_mit.txt', '1Juan_1_mio.txt', '1Juan_1_mih.txt']"
"['1Juan_2_IJSUD.txt', '1Juan_2_esp_rva.txt', '1Juan_2_esp_a.txt']","['1Juan_2_mks.txt', '1Juan_2_mie.txt', '1Juan_2_xtm.txt', '1Juan_2_mza.txt', '1Juan_2_mxv.txt', '1Juan_2_mpm.txt', '1Juan_2_mjc.txt', '1Juan_2_miy.txt', '1Juan_2_mit.txt', '1Juan_2_mio.txt', '1Juan_2_mih.txt']"
"['1Juan_3_IJSUD.txt', '1Juan_3_esp_rva.txt', '1Juan_3_esp_a.txt']","['1Juan_3_mks.txt', '1Juan_3_mie.txt', '1Juan_3_xtm.txt', '1Juan_3_mza.txt', '1Juan_3_mxv.txt', '1Juan_3_mpm.txt', '1Juan_3_mjc.txt', '1Juan_3_miy.txt', '1Juan_3_mit.txt', '1Juan_3_mio.txt', '1Juan_3_mih.txt']"
"['1Juan_4_IJSUD.txt', '1Juan_4_esp_rva.txt', '1Juan_4_esp_a.txt']","['1Juan_4_mks.txt', '1Juan_4_mie.txt', '1Juan_4_xtm.txt', '1Juan_4_mza.txt', '1Juan_4_mxv.txt', '1Juan_4_mpm.txt', '1Juan_4_mjc.txt', '1Juan_4_miy.txt', '1Juan_4_mit.txt', '1Juan_4_mio.txt', '1Juan_4_mih.txt']"
"['1Juan_5_IJSUD.txt', '1Juan_5_esp_rva.txt', '1Juan_5_esp_a.txt']","['1Juan_5_mie.txt', '1Juan_5_mks.txt', '1Juan_5_xtm.txt', '1Juan_5_mza.txt', '1Juan_5_mxv.txt', '1Juan_5_mpm.txt', '1Juan_5_mjc.txt', '1Juan_5_miy.txt', '1Juan_5_mit.txt', '1Juan_5_mio.txt', '1Juan_5_mih.txt']"
"['1Pedro_1_IJSUD.txt', '1Pedro_1_esp_rva.txt', '1Pedro_1_esp_a.txt']","['1Pedro_1_xtm.txt', '1Pedro_1_mza.txt', '1Pedro_1_mxv.txt', '1Pedro_1_mpm.txt', '1Pedro_1_mks.txt', '1Pedro_1_mjc.txt', '1Pedro_1_miy.txt', '1Pedro_1_mit.txt', '1Pedro_1_mio.txt', '1Pedro_1_mih.txt', '1Pedro_1_mie.txt']"
"['1Pedro_2_IJSUD.txt', '1Pedro_2_esp_rva.txt', '1Pedro_2_esp_a.txt']","['1Pedro_2_xtm.txt', '1Pedro_2_mza.txt', '1Pedro_2_mxv.txt', '1Pedro_2_mpm.txt', '1Pedro_2_mks.txt', '1Pedro_2_mjc.txt', '1Pedro_2_miy.txt', '1Pedro_2_mit.txt', '1Pedro_2_mio.txt', '1Pedro_2_mih.txt', '1Pedro_2_mie.txt']"
"['1Pedro_3_IJSUD.txt', '1Pedro_3_esp_rva.txt', '1Pedro_3_esp_a.txt']","['1Pedro_3_xtm.txt', '1Pedro_3_mza.txt', '1Pedro_3_mxv.txt', '1Pedro_3_mpm.txt', '1Pedro_3_mks.txt', '1Pedro_3_mjc.txt', '1Pedro_3_miy.txt', '1Pedro_3_mit.txt', '1Pedro_3_mio.txt', '1Pedro_3_mih.txt', '1Pedro_3_mie.txt']"
"['1Pedro_4_IJSUD.txt', '1Pedro_4_esp_rva.txt', '1Pedro_4_esp_a.txt']","['1Pedro_4_xtm.txt', '1Pedro_4_mza.txt', '1Pedro_4_mxv.txt', '1Pedro_4_mpm.txt', '1Pedro_4_mks.txt', '1Pedro_4_mjc.txt', '1Pedro_4_miy.txt', '1Pedro_4_mit.txt', '1Pedro_4_mio.txt', '1Pedro_4_mih.txt', '1Pedro_4_mie.txt']"
"['1Pedro_5_IJSUD.txt', '1Pedro_5_esp_rva.txt', '1Pedro_5_esp_a.txt']","['1Pedro_5_xtm.txt', '1Pedro_5_mza.txt', '1Pedro_5_mxv.txt', '1Pedro_5_mpm.txt', '1Pedro_5_mks.txt', '1Pedro_5_mjc.txt', '1Pedro_5_miy.txt', '1Pedro_5_mit.txt', '1Pedro_5_mio.txt', '1Pedro_5_mih.txt', '1Pedro_5_mie.txt']"
"['1Tesalonicenses_1_IJSUD.txt', '1Tesalonicenses_1_esp_rva.txt', '1Tesalonicenses_1_esp_a.txt']","['1Tesalonicenses_1_xtm.txt', '1Tesalonicenses_1_mza.txt', '1Tesalonicenses_1_mxv.txt', '1Tesalonicenses_1_mpm.txt', '1Tesalonicenses_1_mks.txt', '1Tesalonicenses_1_mjc.txt', '1Tesalonicenses_1_miy.txt', '1Tesalonicenses_1_mit.txt', '1Tesalonicenses_1_mio.txt', '1Tesalonicenses_1_mih.txt', '1Tesalonicenses_1_mie.txt']"
"['1Tesalonicenses_2_IJSUD.txt', '1Tesalonicenses_2_esp_rva.txt', '1Tesalonicenses_2_esp_a.txt']","['1Tesalonicenses_2_xtm.txt', '1Tesalonicenses_2_mza.txt', '1Tesalonicenses_2_mxv.txt', '1Tesalonicenses_2_mpm.txt', '1Tesalonicenses_2_mks.txt', '1Tesalonicenses_2_mjc.txt', '1Tesalonicenses_2_miy.txt', '1Tesalonicenses_2_mit.txt', '1Tesalonicenses_2_mio.txt', '1Tesalonicenses_2_mih.txt', '1Tesalonicenses_2_mie.txt']"
"['1Tesalonicenses_3_esp_rva.txt', '1Tesalonicenses_3_esp_a.txt', '1Tesalonicenses_3_IJSUD.txt']","['1Tesalonicenses_3_xtm.txt', '1Tesalonicenses_3_mxv.txt', '1Tesalonicenses_3_mpm.txt', '1Tesalonicenses_3_mks.txt', '1Tesalonicenses_3_mjc.txt', '1Tesalonicenses_3_mit.txt', '1Tesalonicenses_3_mio.txt', '1Tesalonicenses_3_mih.txt', '1Tesalonicenses_3_mie.txt']"
"['1Tesalonicenses_4_IJSUD.txt', '1Tesalonicenses_4_esp_rva.txt', '1Tesalonicenses_4_esp_a.txt']","['1Tesalonicenses_4_xtm.txt', '1Tesalonicenses_4_mza.txt', '1Tesalonicenses_4_mxv.txt', '1Tesalonicenses_4_mpm.txt', '1Tesalonicenses_4_mks.txt', '1Tesalonicenses_4_mjc.txt', '1Tesalonicenses_4_miy.txt', '1Tesalonicenses_4_mit.txt', '1Tesalonicenses_4_mio.txt', '1Tesalonicenses_4_mih.txt', '1Tesalonicenses_4_mie.txt']"
"['1Tesalonicenses_5_IJSUD.txt', '1Tesalonicenses_5_esp_rva.txt', '1Tesalonicenses_5_esp_a.txt']","['1Tesalonicenses_5_xtm.txt', '1Tesalonicenses_5_mza.txt', '1Tesalonicenses_5_mxv.txt', '1Tesalonicenses_5_mpm.txt', '1Tesalonicenses_5_mks.txt', '1Tesalonicenses_5_mjc.txt', '1Tesalonicenses_5_miy.txt', '1Tesalonicenses_5_mit.txt', '1Tesalonicenses_5_mio.txt', '1Tesalonicenses_5_mih.txt', '1Tesalonicenses_5_mie.txt']"
"['1Timoteo_1_IJSUD.txt', '1Timoteo_1_esp_rva.txt', '1Timoteo_1_esp_a.txt']","['1Timoteo_1_xtm.txt', '1Timoteo_1_mza.txt', '1Timoteo_1_mxv.txt', '1Timoteo_1_mpm.txt', '1Timoteo_1_mks.txt', '1Timoteo_1_mjc.txt', '1Timoteo_1_miy.txt', '1Timoteo_1_mit.txt', '1Timoteo_1_mio.txt', '1Timoteo_1_mih.txt', '1Timoteo_1_mie.txt']"
"['1Timoteo_2_IJSUD.txt', '1Timoteo_2_esp_rva.txt', '1Timoteo_2_esp_a.txt']","['1Timoteo_2_xtm.txt', '1Timoteo_2_mza.txt', '1Timoteo_2_mxv.txt', '1Timoteo_2_mpm.txt', '1Timoteo_2_mks.txt', '1Timoteo_2_mjc.txt', '1Timoteo_2_miy.txt', '1Timoteo_2_mit.txt', '1Timoteo_2_mio.txt', '1Timoteo_2_mih.txt', '1Timoteo_2_mie.txt']"
"['1Timoteo_3_IJSUD.txt', '1Timoteo_3_esp_rva.txt', '1Timoteo_3_esp_a.txt']","['1Timoteo_3_xtm.txt', '1Timoteo_3_mza.txt', '1Timoteo_3_mxv.txt', '1Timoteo_3_mpm.txt', '1Timoteo_3_mks.txt', '1Timoteo_3_mjc.txt', '1Timoteo_3_miy.txt', '1Timoteo_3_mit.txt', '1Timoteo_3_mio.txt', '1Timoteo_3_mih.txt', '1Timoteo_3_mie.txt']"
"['1Timoteo_4_IJSUD.txt', '1Timoteo_4_esp_rva.txt', '1Timoteo_4_esp_a.txt']","['1Timoteo_4_xtm.txt', '1Timoteo_4_mza.txt', '1Timoteo_4_mxv.txt', '1Timoteo_4_mpm.txt', '1Timoteo_4_mks.txt', '1Timoteo_4_mjc.txt', '1Timoteo_4_miy.txt', '1Timoteo_4_mit.txt', '1Timoteo_4_mio.txt', '1Timoteo_4_mih.txt', '1Timoteo_4_mie.txt']"
"['1Timoteo_5_IJSUD.txt', '1Timoteo_5_esp_rva.txt', '1Timoteo_5_esp_a.txt']","['1Timoteo_5_xtm.txt', '1Timoteo_5_mza.txt', '1Timoteo_5_mxv.txt', '1Timoteo_5_mpm.txt', '1Timoteo_5_mks.txt', '1Timoteo_5_mjc.txt', '1Timoteo_5_miy.txt', '1Timoteo_5_mit.txt', '1Timoteo_5_mio.txt', '1Timoteo_5_mih.txt', '1Timoteo_5_mie.txt']"
"['1Timoteo_6_IJSUD.txt', '1Timoteo_6_esp_rva.txt', '1Timoteo_6_esp_a.txt']","['1Timoteo_6_xtm.txt', '1Timoteo_6_mza.txt', '1Timoteo_6_mxv.txt', '1Timoteo_6_mpm.txt', '1Timoteo_6_mks.txt', '1Timoteo_6_mjc.txt', '1Timoteo_6_miy.txt', '1Timoteo_6_mit.txt', '1Timoteo_6_mio.txt', '1Timoteo_6_mih.txt', '1Timoteo_6_mie.txt']"
['1_dling_esp.txt'],['1_dling_mih.txt']
['1_dlingt_esp.txt'],['1_dlingt_mih.txt']
['1_dpe_esp.txt'],['1_dpe_mio.txt']
['20_dling_esp.txt'],['20_dling_mih.txt']
['21_dling_esp.txt'],['21_dling_mih.txt']
['22_dling_esp.txt'],['22_dling_mih.txt']
['23_dling_esp.txt'],['23_dling_mih.txt']
['24_dling_esp.txt'],['24_dling_mih.txt']
['25_dling_esp.txt'],['25_dling_mih.txt']
"['2Corintios_10_IJSUD.txt', '2Corintios_10_esp_rva.txt', '2Corintios_10_esp_a.txt']","['2Corintios_10_xtm.txt', '2Corintios_10_mza.txt', '2Corintios_10_mxv.txt', '2Corintios_10_mpm.txt', '2Corintios_10_mks.txt', '2Corintios_10_mjc.txt', '2Corintios_10_miy.txt', '2Corintios_10_mit.txt', '2Corintios_10_mio.txt', '2Corintios_10_mih.txt', '2Corintios_10_mie.txt']"
"['2Corintios_11_IJSUD.txt', '2Corintios_11_esp_rva.txt', '2Corintios_11_esp_a.txt']","['2Corintios_11_xtm.txt', '2Corintios_11_mza.txt', '2Corintios_11_mxv.txt', '2Corintios_11_mpm.txt', '2Corintios_11_mks.txt', '2Corintios_11_mjc.txt', '2Corintios_11_miy.txt', '2Corintios_11_mit.txt', '2Corintios_11_mio.txt', '2Corintios_11_mih.txt', '2Corintios_11_mie.txt']"
"['2Corintios_12_IJSUD.txt', '2Corintios_12_esp_rva.txt', '2Corintios_12_esp_a.txt']","['2Corintios_12_xtm.txt', '2Corintios_12_mza.txt', '2Corintios_12_mxv.txt', '2Corintios_12_mpm.txt', '2Corintios_12_mks.txt', '2Corintios_12_mjc.txt', '2Corintios_12_miy.txt', '2Corintios_12_mit.txt', '2Corintios_12_mio.txt', '2Corintios_12_mih.txt', '2Corintios_12_mie.txt']"
"['2Corintios_13_IJSUD.txt', '2Corintios_13_esp_rva.txt', '2Corintios_13_esp_a.txt']","['2Corintios_13_xtm.txt', '2Corintios_13_mza.txt', '2Corintios_13_mxv.txt', '2Corintios_13_mpm.txt', '2Corintios_13_mks.txt', '2Corintios_13_mjc.txt', '2Corintios_13_miy.txt', '2Corintios_13_mit.txt', '2Corintios_13_mio.txt', '2Corintios_13_mih.txt', '2Corintios_13_mie.txt']"
"['2Corintios_1_IJSUD.txt', '2Corintios_1_esp_rva.txt', '2Corintios_1_esp_a.txt']","['2Corintios_1_xtm.txt', '2Corintios_1_mza.txt', '2Corintios_1_mxv.txt', '2Corintios_1_mpm.txt', '2Corintios_1_mks.txt', '2Corintios_1_mjc.txt', '2Corintios_1_miy.txt', '2Corintios_1_mit.txt', '2Corintios_1_mio.txt', '2Corintios_1_mih.txt', '2Corintios_1_mie.txt']"
"['2Corintios_2_IJSUD.txt', '2Corintios_2_esp_rva.txt', '2Corintios_2_esp_a.txt']","['2Corintios_2_xtm.txt', '2Corintios_2_mza.txt', '2Corintios_2_mxv.txt', '2Corintios_2_mpm.txt', '2Corintios_2_mks.txt', '2Corintios_2_mjc.txt', '2Corintios_2_miy.txt', '2Corintios_2_mit.txt', '2Corintios_2_mio.txt', '2Corintios_2_mih.txt', '2Corintios_2_mie.txt']"
"['2Corintios_3_IJSUD.txt', '2Corintios_3_esp_rva.txt', '2Corintios_3_esp_a.txt']","['2Corintios_3_xtm.txt', '2Corintios_3_mza.txt', '2Corintios_3_mxv.txt', '2Corintios_3_mpm.txt', '2Corintios_3_mks.txt', '2Corintios_3_mjc.txt', '2Corintios_3_miy.txt', '2Corintios_3_mit.txt', '2Corintios_3_mio.txt', '2Corintios_3_mih.txt', '2Corintios_3_mie.txt']"
"['2Corintios_4_IJSUD.txt', '2Corintios_4_esp_rva.txt', '2Corintios_4_esp_a.txt']","['2Corintios_4_xtm.txt', '2Corintios_4_mza.txt', '2Corintios_4_mxv.txt', '2Corintios_4_mpm.txt', '2Corintios_4_mks.txt', '2Corintios_4_mjc.txt', '2Corintios_4_miy.txt', '2Corintios_4_mit.txt', '2Corintios_4_mio.txt', '2Corintios_4_mie.txt']"
"['2Corintios_5_IJSUD.txt', '2Corintios_5_esp_rva.txt', '2Corintios_5_esp_a.txt']","['2Corintios_5_xtm.txt', '2Corintios_5_mza.txt', '2Corintios_5_mxv.txt', '2Corintios_5_mpm.txt', '2Corintios_5_mks.txt', '2Corintios_5_mjc.txt', '2Corintios_5_miy.txt', '2Corintios_5_mit.txt', '2Corintios_5_mio.txt', '2Corintios_5_mih.txt', '2Corintios_5_mie.txt']"
"['2Corintios_6_IJSUD.txt', '2Corintios_6_esp_rva.txt', '2Corintios_6_esp_a.txt']","['2Corintios_6_xtm.txt', '2Corintios_6_mza.txt', '2Corintios_6_mxv.txt', '2Corintios_6_mpm.txt', '2Corintios_6_mks.txt', '2Corintios_6_mjc.txt', '2Corintios_6_miy.txt', '2Corintios_6_mit.txt', '2Corintios_6_mio.txt', '2Corintios_6_mih.txt', '2Corintios_6_mie.txt']"
"['2Corintios_7_IJSUD.txt', '2Corintios_7_esp_rva.txt', '2Corintios_7_esp_a.txt']","['2Corintios_7_xtm.txt', '2Corintios_7_mza.txt', '2Corintios_7_mxv.txt', '2Corintios_7_mpm.txt', '2Corintios_7_mks.txt', '2Corintios_7_mjc.txt', '2Corintios_7_miy.txt', '2Corintios_7_mit.txt', '2Corintios_7_mio.txt', '2Corintios_7_mih.txt', '2Corintios_7_mie.txt']"
"['2Corintios_8_IJSUD.txt', '2Corintios_8_esp_rva.txt', '2Corintios_8_esp_a.txt']","['2Corintios_8_xtm.txt', '2Corintios_8_mza.txt', '2Corintios_8_mxv.txt', '2Corintios_8_mpm.txt', '2Corintios_8_mks.txt', '2Corintios_8_mjc.txt', '2Corintios_8_miy.txt', '2Corintios_8_mit.txt', '2Corintios_8_mio.txt', '2Corintios_8_mih.txt', '2Corintios_8_mie.txt']"
"['2Corintios_9_IJSUD.txt', '2Corintios_9_esp_rva.txt', '2Corintios_9_esp_a.txt']","['2Corintios_9_xtm.txt', '2Corintios_9_mza.txt', '2Corintios_9_mxv.txt', '2Corintios_9_mpm.txt', '2Corintios_9_mks.txt', '2Corintios_9_miy.txt', '2Corintios_9_mit.txt', '2Corintios_9_mio.txt', '2Corintios_9_mih.txt', '2Corintios_9_mie.txt']"
"['2Juan_1_IJSUD.txt', '2Juan_1_esp_rva.txt', '2Juan_1_esp_a.txt']","['2Juan_1_mie.txt', '2Juan_1_xtm.txt', '2Juan_1_mza.txt', '2Juan_1_mxv.txt', '2Juan_1_mpm.txt', '2Juan_1_mks.txt', '2Juan_1_mjc.txt', '2Juan_1_miy.txt', '2Juan_1_mit.txt', '2Juan_1_mio.txt', '2Juan_1_mih.txt']"
"['2Pedro_1_IJSUD.txt', '2Pedro_1_esp_rva.txt', '2Pedro_1_esp_a.txt']","['2Pedro_1_xtm.txt', '2Pedro_1_mza.txt', '2Pedro_1_mxv.txt', '2Pedro_1_mpm.txt', '2Pedro_1_mks.txt', '2Pedro_1_mjc.txt', '2Pedro_1_miy.txt', '2Pedro_1_mit.txt', '2Pedro_1_mio.txt', '2Pedro_1_mih.txt', '2Pedro_1_mie.txt']"
"['2Pedro_2_IJSUD.txt', '2Pedro_2_esp_rva.txt', '2Pedro_2_esp_a.txt']","['2Pedro_2_xtm.txt', '2Pedro_2_mza.txt', '2Pedro_2_mxv.txt', '2Pedro_2_mpm.txt', '2Pedro_2_mks.txt', '2Pedro_2_mjc.txt', '2Pedro_2_miy.txt', '2Pedro_2_mit.txt', '2Pedro_2_mio.txt', '2Pedro_2_mih.txt', '2Pedro_2_mie.txt']"
"['2Pedro_3_IJSUD.txt', '2Pedro_3_esp_rva.txt', '2Pedro_3_esp_a.txt']","['2Pedro_3_xtm.txt', '2Pedro_3_mza.txt', '2Pedro_3_mxv.txt', '2Pedro_3_mpm.txt', '2Pedro_3_mks.txt', '2Pedro_3_mjc.txt', '2Pedro_3_miy.txt', '2Pedro_3_mit.txt', '2Pedro_3_mio.txt', '2Pedro_3_mih.txt', '2Pedro_3_mie.txt']"
"['2Tesalonicenses_1_IJSUD.txt', '2Tesalonicenses_1_esp_rva.txt', '2Tesalonicenses_1_esp_a.txt']","['2Tesalonicenses_1_xtm.txt', '2Tesalonicenses_1_mza.txt', '2Tesalonicenses_1_mxv.txt', '2Tesalonicenses_1_mpm.txt', '2Tesalonicenses_1_mks.txt', '2Tesalonicenses_1_mjc.txt', '2Tesalonicenses_1_miy.txt', '2Tesalonicenses_1_mit.txt', '2Tesalonicenses_1_mio.txt', '2Tesalonicenses_1_mih.txt', '2Tesalonicenses_1_mie.txt']"
"['2Tesalonicenses_2_IJSUD.txt', '2Tesalonicenses_2_esp_rva.txt', '2Tesalonicenses_2_esp_a.txt']","['2Tesalonicenses_2_xtm.txt', '2Tesalonicenses_2_mza.txt', '2Tesalonicenses_2_mxv.txt', '2Tesalonicenses_2_mpm.txt', '2Tesalonicenses_2_mks.txt', '2Tesalonicenses_2_mjc.txt', '2Tesalonicenses_2_miy.txt', '2Tesalonicenses_2_mit.txt', '2Tesalonicenses_2_mio.txt', '2Tesalonicenses_2_mih.txt', '2Tesalonicenses_2_mie.txt']"
"['2Tesalonicenses_3_IJSUD.txt', '2Tesalonicenses_3_esp_rva.txt', '2Tesalonicenses_3_esp_a.txt']","['2Tesalonicenses_3_xtm.txt', '2Tesalonicenses_3_mza.txt', '2Tesalonicenses_3_mxv.txt', '2Tesalonicenses_3_mpm.txt', '2Tesalonicenses_3_mks.txt', '2Tesalonicenses_3_mjc.txt', '2Tesalonicenses_3_miy.txt', '2Tesalonicenses_3_mit.txt', '2Tesalonicenses_3_mio.txt', '2Tesalonicenses_3_mih.txt', '2Tesalonicenses_3_mie.txt']"
"['2Timoteo_1_IJSUD.txt', '2Timoteo_1_esp_rva.txt', '2Timoteo_1_esp_a.txt']","['2Timoteo_1_xtm.txt', '2Timoteo_1_mza.txt', '2Timoteo_1_mxv.txt', '2Timoteo_1_mpm.txt', '2Timoteo_1_mks.txt', '2Timoteo_1_mjc.txt', '2Timoteo_1_miy.txt', '2Timoteo_1_mit.txt', '2Timoteo_1_mio.txt', '2Timoteo_1_mih.txt', '2Timoteo_1_mie.txt']"
"['2Timoteo_2_IJSUD.txt', '2Timoteo_2_esp_rva.txt', '2Timoteo_2_esp_a.txt']","['2Timoteo_2_xtm.txt', '2Timoteo_2_mza.txt', '2Timoteo_2_mxv.txt', '2Timoteo_2_mpm.txt', '2Timoteo_2_mks.txt', '2Timoteo_2_mjc.txt', '2Timoteo_2_miy.txt', '2Timoteo_2_mit.txt', '2Timoteo_2_mio.txt', '2Timoteo_2_mih.txt', '2Timoteo_2_mie.txt']"
"['2Timoteo_3_IJSUD.txt', '2Timoteo_3_esp_a.txt']","['2Timoteo_3_xtm.txt', '2Timoteo_3_mza.txt', '2Timoteo_3_mxv.txt', '2Timoteo_3_mpm.txt', '2Timoteo_3_mks.txt', '2Timoteo_3_mjc.txt', '2Timoteo_3_miy.txt', '2Timoteo_3_mit.txt', '2Timoteo_3_mio.txt', '2Timoteo_3_mih.txt', '2Timoteo_3_mie.txt']"
"['2Timoteo_4_IJSUD.txt', '2Timoteo_4_esp_rva.txt', '2Timoteo_4_esp_a.txt']","['2Timoteo_4_xtm.txt', '2Timoteo_4_mza.txt', '2Timoteo_4_mxv.txt', '2Timoteo_4_mpm.txt', '2Timoteo_4_mks.txt', '2Timoteo_4_mjc.txt', '2Timoteo_4_miy.txt', '2Timoteo_4_mit.txt', '2Timoteo_4_mio.txt', '2Timoteo_4_mih.txt', '2Timoteo_4_mie.txt']"
['2_dling_esp.txt'],['2_dling_mih.txt']
['2_dlingt_esp.txt'],['2_dlingt_mih.txt']
['2_dpe_esp.txt'],['2_dpe_mio.txt']
"['3Juan_1_IJSUD.txt', '3Juan_1_esp_rva.txt', '3Juan_1_esp_a.txt']","['3Juan_1_mie.txt', '3Juan_1_xtm.txt', '3Juan_1_mza.txt', '3Juan_1_mxv.txt', '3Juan_1_mpm.txt', '3Juan_1_mks.txt', '3Juan_1_mjc.txt', '3Juan_1_miy.txt', '3Juan_1_mit.txt', '3Juan_1_mio.txt', '3Juan_1_mih.txt']"
['3_dling_esp.txt'],['3_dling_mih.txt']
['3_dlingt_esp.txt'],['3_dlingt_mih.txt']
['3_dpe_esp.txt'],['3_dpe_mio.txt']
['4_dling_esp.txt'],['4_dling_mih.txt']
['4_dlingt_esp.txt'],['4_dlingt_mih.txt']
['4_dpe_esp.txt'],['4_dpe_mio.txt']
['5_dling_esp.txt'],['5_dling_mih.txt']
['5_dlingt_esp.txt'],['5_dlingt_mih.txt']
['5_dpe_esp.txt'],['5_dpe_mio.txt']
['6_dling_esp.txt'],['6_dling_mih.txt']
['6_dlingt_esp.txt'],['6_dlingt_mih.txt']
['6_dpe_esp.txt'],['6_dpe_mio.txt']
['7_dling_esp.txt'],['7_dling_mih.txt']
['7_dlingt_esp.txt'],['7_dlingt_mih.txt']
['7_dpe_esp.txt'],['7_dpe_mio.txt']
['8_dling_esp.txt'],['8_dling_mih.txt']
['8_dlingt_esp.txt'],['8_dlingt_mih.txt']
['8_dpe_esp.txt'],['8_dpe_mio.txt']
['9_dling_esp.txt'],['9_dling_mih.txt']
['9_dpe_esp.txt'],['9_dpe_mio.txt']
['Adivinanzas_en_mixteco_ESP.txt'],"['Adivinanzas_en_mixteco_MX_Xalpatlahuac.txt', 'Adivinanzas_en_mixteco_MX_Pinotepa.txt', 'Adivinanzas_en_mixteco_MX_Huajuapan.txt']"
['Alfabeto_Mixteco_ES.txt'],['Alfabeto_Mixteco_MX.txt']
['Algunos_dichos_y_creencias_tradicionales_de_Magdalena_Peñasco_ES.txt'],['Algunos_dichos_y_creencias_tradicionales_de_Magdalena_Peñasco_MX.txt']
['Animales_ES.txt'],['Animales_MX.txt']
['Apocalipsis_10_esp_a.txt'],"['Apocalipsis_10_xtm.txt', 'Apocalipsis_10_mza.txt', 'Apocalipsis_10_mxv.txt', 'Apocalipsis_10_mpm.txt', 'Apocalipsis_10_mks.txt', 'Apocalipsis_10_mjc.txt', 'Apocalipsis_10_miy.txt', 'Apocalipsis_10_mit.txt', 'Apocalipsis_10_mio.txt', 'Apocalipsis_10_mih.txt', 'Apocalipsis_10_mie.txt', 'Apocalipsis_10_IJSUD.txt', 'Apocalipsis_10_esp_rva.txt']"
"['Apocalipsis_11_IJSUD.txt', 'Apocalipsis_11_esp_rva.txt', 'Apocalipsis_11_esp_a.txt']","['Apocalipsis_11_xtm.txt', 'Apocalipsis_11_mza.txt', 'Apocalipsis_11_mxv.txt', 'Apocalipsis_11_mpm.txt', 'Apocalipsis_11_mks.txt', 'Apocalipsis_11_mjc.txt', 'Apocalipsis_11_miy.txt', 'Apocalipsis_11_mit.txt', 'Apocalipsis_11_mio.txt', 'Apocalipsis_11_mih.txt', 'Apocalipsis_11_mie.txt']"
"['Apocalipsis_12_IJSUD.txt', 'Apocalipsis_12_esp_rva.txt', 'Apocalipsis_12_esp_a.txt']","['Apocalipsis_12_xtm.txt', 'Apocalipsis_12_mza.txt', 'Apocalipsis_12_mxv.txt', 'Apocalipsis_12_mpm.txt', 'Apocalipsis_12_mks.txt', 'Apocalipsis_12_mjc.txt', 'Apocalipsis_12_miy.txt', 'Apocalipsis_12_mit.txt', 'Apocalipsis_12_mio.txt', 'Apocalipsis_12_mih.txt', 'Apocalipsis_12_mie.txt']"
"['Apocalipsis_13_IJSUD.txt', 'Apocalipsis_13_esp_rva.txt', 'Apocalipsis_13_esp_a.txt']","['Apocalipsis_13_xtm.txt', 'Apocalipsis_13_mza.txt', 'Apocalipsis_13_mxv.txt', 'Apocalipsis_13_mpm.txt', 'Apocalipsis_13_mks.txt', 'Apocalipsis_13_mjc.txt', 'Apocalipsis_13_miy.txt', 'Apocalipsis_13_mit.txt', 'Apocalipsis_13_mio.txt', 'Apocalipsis_13_mih.txt', 'Apocalipsis_13_mie.txt']"
"['Apocalipsis_14_IJSUD.txt', 'Apocalipsis_14_esp_rva.txt', 'Apocalipsis_14_esp_a.txt']","['Apocalipsis_14_xtm.txt', 'Apocalipsis_14_mza.txt', 'Apocalipsis_14_mxv.txt', 'Apocalipsis_14_mpm.txt', 'Apocalipsis_14_mks.txt', 'Apocalipsis_14_mjc.txt', 'Apocalipsis_14_miy.txt', 'Apocalipsis_14_mit.txt', 'Apocalipsis_14_mio.txt', 'Apocalipsis_14_mih.txt', 'Apocalipsis_14_mie.txt']"
"['Apocalipsis_15_IJSUD.txt', 'Apocalipsis_15_esp_rva.txt', 'Apocalipsis_15_esp_a.txt']","['Apocalipsis_15_xtm.txt', 'Apocalipsis_15_mza.txt', 'Apocalipsis_15_mxv.txt', 'Apocalipsis_15_mpm.txt', 'Apocalipsis_15_mks.txt', 'Apocalipsis_15_mjc.txt', 'Apocalipsis_15_miy.txt', 'Apocalipsis_15_mit.txt', 'Apocalipsis_15_mio.txt', 'Apocalipsis_15_mih.txt', 'Apocalipsis_15_mie.txt']"
"['Apocalipsis_16_IJSUD.txt', 'Apocalipsis_16_esp_rva.txt', 'Apocalipsis_16_esp_a.txt']","['Apocalipsis_16_xtm.txt', 'Apocalipsis_16_mza.txt', 'Apocalipsis_16_mxv.txt', 'Apocalipsis_16_mpm.txt', 'Apocalipsis_16_mks.txt', 'Apocalipsis_16_mjc.txt', 'Apocalipsis_16_miy.txt', 'Apocalipsis_16_mit.txt', 'Apocalipsis_16_mio.txt', 'Apocalipsis_16_mih.txt', 'Apocalipsis_16_mie.txt']"
"['Apocalipsis_17_IJSUD.txt', 'Apocalipsis_17_esp_rva.txt', 'Apocalipsis_17_esp_a.txt']","['Apocalipsis_17_xtm.txt', 'Apocalipsis_17_mza.txt', 'Apocalipsis_17_mxv.txt', 'Apocalipsis_17_mpm.txt', 'Apocalipsis_17_mks.txt', 'Apocalipsis_17_mjc.txt', 'Apocalipsis_17_miy.txt', 'Apocalipsis_17_mit.txt', 'Apocalipsis_17_mio.txt', 'Apocalipsis_17_mih.txt', 'Apocalipsis_17_mie.txt']"
"['Apocalipsis_18_IJSUD.txt', 'Apocalipsis_18_esp_rva.txt', 'Apocalipsis_18_esp_a.txt']","['Apocalipsis_18_xtm.txt', 'Apocalipsis_18_mza.txt', 'Apocalipsis_18_mxv.txt', 'Apocalipsis_18_mpm.txt', 'Apocalipsis_18_mks.txt', 'Apocalipsis_18_mjc.txt', 'Apocalipsis_18_miy.txt', 'Apocalipsis_18_mit.txt', 'Apocalipsis_18_mio.txt', 'Apocalipsis_18_mih.txt', 'Apocalipsis_18_mie.txt']"
"['Apocalipsis_19_IJSUD.txt', 'Apocalipsis_19_esp_rva.txt', 'Apocalipsis_19_esp_a.txt']","['Apocalipsis_19_xtm.txt', 'Apocalipsis_19_mza.txt', 'Apocalipsis_19_mxv.txt', 'Apocalipsis_19_mpm.txt', 'Apocalipsis_19_mks.txt', 'Apocalipsis_19_mjc.txt', 'Apocalipsis_19_miy.txt', 'Apocalipsis_19_mit.txt', 'Apocalipsis_19_mio.txt', 'Apocalipsis_19_mih.txt', 'Apocalipsis_19_mie.txt']"
"['Apocalipsis_1_esp_rva.txt', 'Apocalipsis_1_esp_a.txt']","['Apocalipsis_1_xtm.txt', 'Apocalipsis_1_mza.txt', 'Apocalipsis_1_mxv.txt', 'Apocalipsis_1_mpm.txt', 'Apocalipsis_1_mks.txt', 'Apocalipsis_1_mjc.txt', 'Apocalipsis_1_miy.txt', 'Apocalipsis_1_mit.txt', 'Apocalipsis_1_mio.txt', 'Apocalipsis_1_mih.txt', 'Apocalipsis_1_mie.txt']"
"['Apocalipsis_20_IJSUD.txt', 'Apocalipsis_20_esp_rva.txt', 'Apocalipsis_20_esp_a.txt']","['Apocalipsis_20_xtm.txt', 'Apocalipsis_20_mza.txt', 'Apocalipsis_20_mxv.txt', 'Apocalipsis_20_mpm.txt', 'Apocalipsis_20_mks.txt', 'Apocalipsis_20_mjc.txt', 'Apocalipsis_20_miy.txt', 'Apocalipsis_20_mit.txt', 'Apocalipsis_20_mio.txt', 'Apocalipsis_20_mih.txt', 'Apocalipsis_20_mie.txt']"
"['Apocalipsis_21_IJSUD.txt', 'Apocalipsis_21_esp_rva.txt', 'Apocalipsis_21_esp_a.txt']","['Apocalipsis_21_xtm.txt', 'Apocalipsis_21_mza.txt', 'Apocalipsis_21_mxv.txt', 'Apocalipsis_21_mpm.txt', 'Apocalipsis_21_mks.txt', 'Apocalipsis_21_mjc.txt', 'Apocalipsis_21_miy.txt', 'Apocalipsis_21_mit.txt', 'Apocalipsis_21_mio.txt', 'Apocalipsis_21_mih.txt', 'Apocalipsis_21_mie.txt']"
"['Apocalipsis_22_IJSUD.txt', 'Apocalipsis_22_esp_rva.txt', 'Apocalipsis_22_esp_a.txt']","['Apocalipsis_22_xtm.txt', 'Apocalipsis_22_mza.txt', 'Apocalipsis_22_mxv.txt', 'Apocalipsis_22_mpm.txt', 'Apocalipsis_22_mks.txt', 'Apocalipsis_22_mjc.txt', 'Apocalipsis_22_miy.txt', 'Apocalipsis_22_mit.txt', 'Apocalipsis_22_mio.txt', 'Apocalipsis_22_mih.txt', 'Apocalipsis_22_mie.txt']"
"['Apocalipsis_2_IJSUD.txt', 'Apocalipsis_2_esp_rva.txt', 'Apocalipsis_2_esp_a.txt']","['Apocalipsis_2_xtm.txt', 'Apocalipsis_2_mza.txt', 'Apocalipsis_2_mxv.txt', 'Apocalipsis_2_mpm.txt', 'Apocalipsis_2_mks.txt', 'Apocalipsis_2_mjc.txt', 'Apocalipsis_2_miy.txt', 'Apocalipsis_2_mit.txt', 'Apocalipsis_2_mio.txt', 'Apocalipsis_2_mih.txt', 'Apocalipsis_2_mie.txt']"
"['Apocalipsis_3_IJSUD.txt', 'Apocalipsis_3_esp_rva.txt', 'Apocalipsis_3_esp_a.txt']","['Apocalipsis_3_xtm.txt', 'Apocalipsis_3_mza.txt', 'Apocalipsis_3_mxv.txt', 'Apocalipsis_3_mpm.txt', 'Apocalipsis_3_mks.txt', 'Apocalipsis_3_mjc.txt', 'Apocalipsis_3_miy.txt', 'Apocalipsis_3_mit.txt', 'Apocalipsis_3_mio.txt', 'Apocalipsis_3_mih.txt', 'Apocalipsis_3_mie.txt']"
"['Apocalipsis_4_IJSUD.txt', 'Apocalipsis_4_esp_rva.txt', 'Apocalipsis_4_esp_a.txt']","['Apocalipsis_4_xtm.txt', 'Apocalipsis_4_mza.txt', 'Apocalipsis_4_mxv.txt', 'Apocalipsis_4_mpm.txt', 'Apocalipsis_4_mks.txt', 'Apocalipsis_4_mjc.txt', 'Apocalipsis_4_miy.txt', 'Apocalipsis_4_mit.txt', 'Apocalipsis_4_mio.txt', 'Apocalipsis_4_mih.txt', 'Apocalipsis_4_mie.txt']"
"['Apocalipsis_5_IJSUD.txt', 'Apocalipsis_5_esp_rva.txt', 'Apocalipsis_5_esp_a.txt']","['Apocalipsis_5_xtm.txt', 'Apocalipsis_5_mza.txt', 'Apocalipsis_5_mxv.txt', 'Apocalipsis_5_mpm.txt', 'Apocalipsis_5_mks.txt', 'Apocalipsis_5_mjc.txt', 'Apocalipsis_5_miy.txt', 'Apocalipsis_5_mit.txt', 'Apocalipsis_5_mio.txt', 'Apocalipsis_5_mih.txt', 'Apocalipsis_5_mie.txt']"
"['Apocalipsis_6_IJSUD.txt', 'Apocalipsis_6_esp_rva.txt', 'Apocalipsis_6_esp_a.txt']","['Apocalipsis_6_xtm.txt', 'Apocalipsis_6_mza.txt', 'Apocalipsis_6_mxv.txt', 'Apocalipsis_6_mpm.txt', 'Apocalipsis_6_mks.txt', 'Apocalipsis_6_mjc.txt', 'Apocalipsis_6_miy.txt', 'Apocalipsis_6_mit.txt', 'Apocalipsis_6_mio.txt', 'Apocalipsis_6_mih.txt', 'Apocalipsis_6_mie.txt']"
"['Apocalipsis_7_maj.txt', 'Apocalipsis_7_maa.txt', 'Apocalipsis_7_IJSUD.txt', 'Apocalipsis_7_esp_rva.txt', 'Apocalipsis_7_esp_a.txt']","['Apocalipsis_7_xtm.txt', 'Apocalipsis_7_mza.txt', 'Apocalipsis_7_mxv.txt', 'Apocalipsis_7_mpm.txt', 'Apocalipsis_7_mks.txt', 'Apocalipsis_7_mjc.txt', 'Apocalipsis_7_miy.txt', 'Apocalipsis_7_mit.txt', 'Apocalipsis_7_mio.txt', 'Apocalipsis_7_mih.txt', 'Apocalipsis_7_mie.txt']"
"['Apocalipsis_8_IJSUD.txt', 'Apocalipsis_8_esp_rva.txt', 'Apocalipsis_8_esp_a.txt']","['Apocalipsis_8_xtm.txt', 'Apocalipsis_8_mza.txt', 'Apocalipsis_8_mxv.txt', 'Apocalipsis_8_mpm.txt', 'Apocalipsis_8_mks.txt', 'Apocalipsis_8_mjc.txt', 'Apocalipsis_8_miy.txt', 'Apocalipsis_8_mit.txt', 'Apocalipsis_8_mio.txt', 'Apocalipsis_8_mih.txt', 'Apocalipsis_8_mie.txt']"
"['Apocalipsis_9_IJSUD.txt', 'Apocalipsis_9_esp_rva.txt', 'Apocalipsis_9_esp_a.txt']","['Apocalipsis_9_xtm.txt', 'Apocalipsis_9_mza.txt', 'Apocalipsis_9_mxv.txt', 'Apocalipsis_9_mpm.txt', 'Apocalipsis_9_mks.txt', 'Apocalipsis_9_mjc.txt', 'Apocalipsis_9_miy.txt', 'Apocalipsis_9_mit.txt', 'Apocalipsis_9_mio.txt', 'Apocalipsis_9_mih.txt', 'Apocalipsis_9_mie.txt']"
['Bichos_Coicoyan_de_las_flores_ES.txt'],['Bichos_Coicoyan_de_las_flores_MX.txt']
['Bichos_San_Juan_mixtepec_ES.txt'],['Bichos_San_Juan_mixtepec_MX.txt']
['Bichos_Santiago_Amoltepec_ES.txt'],['Bichos_Santiago_Amoltepec_MX.txt']
['Busca_al_gato.ES.txt'],['Busca_al_gato.MX.txt']
['Campaña_nacional_contra_el_bocio_ES.txt'],['Campaña_nacional_contra_el_bocio_MX.txt']
"['Colosenses_1_IJSUD.txt', 'Colosenses_1_esp_rva.txt', 'Colosenses_1_esp_a.txt']","['Colosenses_1_xtm.txt', 'Colosenses_1_mza.txt', 'Colosenses_1_mxv.txt', 'Colosenses_1_mpm.txt', 'Colosenses_1_mks.txt', 'Colosenses_1_mjc.txt', 'Colosenses_1_miy.txt', 'Colosenses_1_mit.txt', 'Colosenses_1_mio.txt', 'Colosenses_1_mih.txt', 'Colosenses_1_mie.txt']"
"['Colosenses_2_IJSUD.txt', 'Colosenses_2_esp_rva.txt', 'Colosenses_2_esp_a.txt']","['Colosenses_2_xtm.txt', 'Colosenses_2_mza.txt', 'Colosenses_2_mxv.txt', 'Colosenses_2_mpm.txt', 'Colosenses_2_mks.txt', 'Colosenses_2_mjc.txt', 'Colosenses_2_mit.txt', 'Colosenses_2_mio.txt', 'Colosenses_2_mih.txt', 'Colosenses_2_mie.txt']"
"['Colosenses_3_IJSUD.txt', 'Colosenses_3_esp_rva.txt', 'Colosenses_3_esp_a.txt']","['Colosenses_3_xtm.txt', 'Colosenses_3_mza.txt', 'Colosenses_3_mxv.txt', 'Colosenses_3_mpm.txt', 'Colosenses_3_mks.txt', 'Colosenses_3_mjc.txt', 'Colosenses_3_miy.txt', 'Colosenses_3_mit.txt', 'Colosenses_3_mio.txt', 'Colosenses_3_mih.txt', 'Colosenses_3_mie.txt']"
"['Colosenses_4_IJSUD.txt', 'Colosenses_4_esp_rva.txt', 'Colosenses_4_esp_a.txt']","['Colosenses_4_xtm.txt', 'Colosenses_4_mza.txt', 'Colosenses_4_mxv.txt', 'Colosenses_4_mpm.txt', 'Colosenses_4_mks.txt', 'Colosenses_4_mjc.txt', 'Colosenses_4_miy.txt', 'Colosenses_4_mit.txt', 'Colosenses_4_mio.txt', 'Colosenses_4_mih.txt', 'Colosenses_4_mie.txt']"
['Como_curar_algunas_enfermedades_ES.txt'],['Como_curar_algunas_enfermedades_MX.txt']
['Como_hacer_la_comida_ES.txt'],['Como_hacer_la_comida_MX.txt']
['Como_leer_en_mixteco_ES.txt'],['Como_leer_en_mixteco_MX.txt']
['Como_pasear_en_Mexico_ES.txt'],['Como_pasear_en_Mexico_MX.txt']
['Como_se_hacen_las_tortillas_ES.txt'],['Como_se_hacen_las_tortillas_MX.txt']
['Costumbres_del_matrimonio_ES.txt'],['Costumbres_del_matrimonio_MX.txt']
['Costumbres_mixtecas_ES.txt'],['Costumbres_mixtecas_MX.txt']
['Creencias_de_Jicayan_ES.txt'],['Creencias_de_Jicayan_MX.txt']
['Cuadernos_de_lenaguas_indigenas_ES.txt'],['Cuadernos_de_lenaguas_indigenas_MX.txt']
['Cuendu_ñanga_ES.txt'],['Cuendu_ñanga_MX.txt']
['Cuento_de_los_animales_grandes_ES.txt'],['Cuento_de_los_animales_grandes_MX.txt']
['Cuento_de_los_hombres_que_les_gusta_cazar_ES.txt'],['Cuento_de_los_hombres_que_les_gusta_cazar_MX.txt']
['Cuento_de_un_marrano_y_un_burro_ES.txt'],['Cuento_de_un_marrano_y_un_burro_MX.txt']
['Cuento_de_un_niño_y_un_leon_ES.txt'],['Cuento_de_un_niño_y_un_leon_MX.txt']
['Cuento_del_pájaro_carpintero_y_la_pichuaca_ES.txt'],['Cuento_del_pájaro_carpintero_y_la_pichuaca_MX.txt']
['Cuento_del_ratoncito_que_come_tortilla_ES.txt'],['Cuento_del_ratoncito_que_come_tortilla_MX.txt']
['Cuento_del_venado_y_de_la_tortuga_ES.txt'],['Cuento_del_venado_y_de_la_tortuga_MX.txt']
['Cuento_del_zopilote_ES.txt'],['Cuento_del_zopilote_MX.txt']
['Cuento_del_zorro_que_se_fingio_muerto_ES.txt'],['Cuento_del_zorro_que_se_fingio_muerto_MX.txt']
['Cuentos_del_conejo_y_el_muñequito_de_cera_ES.txt'],['Cuentos_del_conejo_y_el_muñequito_de_cera_MX.txt']
['Cuentos_mixtecos_ES.txt'],['Cuentos_mixtecos_MX.txt']
['Cuentos_mixtecos_ES_dpXYVRz.txt'],['Cuentos_mixtecos_MX_lVXS1ww.txt']
['Cuentos_y_ejercicios_en_español_y__mixteco_ES.txt'],['Cuentos_y_ejercicios_en_español_y_mixteco_MX.txt']
['Cómo_molemos_la_caña_para_hacer_la_panela_ES.txt'],['Cómo_molemos_la_caña_para_hacer_la_panela_MX.txt']
['Cómo_reconocer_la_enfermedad_de_la_Tuberculosis_ES.txt'],['Cómo_reconocer_la_enfermedad_de_la_Tuberculosis_MX.txt']
"['Efesios_1_IJSUD.txt', 'Efesios_1_esp_rva.txt', 'Efesios_1_esp_a.txt']","['Efesios_1_xtm.txt', 'Efesios_1_nch.txt', 'Efesios_1_mza.txt', 'Efesios_1_mxv.txt', 'Efesios_1_mpm.txt', 'Efesios_1_mks.txt', 'Efesios_1_mjc.txt', 'Efesios_1_miy.txt', 'Efesios_1_mit.txt', 'Efesios_1_mio.txt', 'Efesios_1_mih.txt', 'Efesios_1_mie.txt']"
"['Efesios_2_IJSUD.txt', 'Efesios_2_esp_rva.txt', 'Efesios_2_esp_a.txt']","['Efesios_2_xtm.txt', 'Efesios_2_mza.txt', 'Efesios_2_mxv.txt', 'Efesios_2_mpm.txt', 'Efesios_2_mks.txt', 'Efesios_2_mjc.txt', 'Efesios_2_miy.txt', 'Efesios_2_mit.txt', 'Efesios_2_mio.txt', 'Efesios_2_mih.txt', 'Efesios_2_mie.txt']"
"['Efesios_3_IJSUD.txt', 'Efesios_3_esp_rva.txt', 'Efesios_3_esp_a.txt']","['Efesios_3_xtm.txt', 'Efesios_3_mza.txt', 'Efesios_3_mxv.txt', 'Efesios_3_mpm.txt', 'Efesios_3_mks.txt', 'Efesios_3_mjc.txt', 'Efesios_3_miy.txt', 'Efesios_3_mit.txt', 'Efesios_3_mio.txt', 'Efesios_3_mih.txt', 'Efesios_3_mie.txt']"
"['Efesios_4_IJSUD.txt', 'Efesios_4_esp_rva.txt', 'Efesios_4_esp_a.txt']","['Efesios_4_xtm.txt', 'Efesios_4_mza.txt', 'Efesios_4_mpm.txt', 'Efesios_4_mjc.txt', 'Efesios_4_miy.txt', 'Efesios_4_mit.txt', 'Efesios_4_mio.txt', 'Efesios_4_mih.txt', 'Efesios_4_mie.txt']"
"['Efesios_5_IJSUD.txt', 'Efesios_5_esp_rva.txt', 'Efesios_5_esp_a.txt']","['Efesios_5_xtm.txt', 'Efesios_5_mza.txt', 'Efesios_5_mxv.txt', 'Efesios_5_mpm.txt', 'Efesios_5_mks.txt', 'Efesios_5_mjc.txt', 'Efesios_5_miy.txt', 'Efesios_5_mit.txt', 'Efesios_5_mio.txt', 'Efesios_5_mih.txt', 'Efesios_5_mie.txt']"
"['Efesios_6_IJSUD.txt', 'Efesios_6_esp_rva.txt', 'Efesios_6_esp_a.txt']","['Efesios_6_xtm.txt', 'Efesios_6_mza.txt', 'Efesios_6_mxv.txt', 'Efesios_6_mpm.txt', 'Efesios_6_mks.txt', 'Efesios_6_mjc.txt', 'Efesios_6_miy.txt', 'Efesios_6_mit.txt', 'Efesios_6_mio.txt', 'Efesios_6_mie.txt']"
['El_labrador_y_su_hijo_ES.txt'],['El_labrador_y_su_hijo_MX.txt']
['El_señor_que_se_ahogo_en_el_rio_ES.txt'],['El_señor_que_se_ahogo_en_el_rio_MX.txt']
"['Filemón_1_IJSUD.txt', 'Filemón_1_esp_rva.txt', 'Filemón_1_esp_a.txt']","['Filemón_1_xtm.txt', 'Filemón_1_mza.txt', 'Filemón_1_mxv.txt', 'Filemón_1_mpm.txt', 'Filemón_1_mks.txt', 'Filemón_1_mjc.txt', 'Filemón_1_miy.txt', 'Filemón_1_mit.txt', 'Filemón_1_mio.txt', 'Filemón_1_mih.txt', 'Filemón_1_mie.txt']"
"['Filipenses_1_IJSUD.txt', 'Filipenses_1_esp_rva.txt', 'Filipenses_1_esp_a.txt']","['Filipenses_1_xtm.txt', 'Filipenses_1_mza.txt', 'Filipenses_1_mxv.txt', 'Filipenses_1_mpm.txt', 'Filipenses_1_mks.txt', 'Filipenses_1_mjc.txt', 'Filipenses_1_miy.txt', 'Filipenses_1_mit.txt', 'Filipenses_1_mio.txt', 'Filipenses_1_mih.txt', 'Filipenses_1_mie.txt']"
"['Filipenses_2_IJSUD.txt', 'Filipenses_2_esp_rva.txt', 'Filipenses_2_esp_a.txt']","['Filipenses_2_xtm.txt', 'Filipenses_2_mza.txt', 'Filipenses_2_mxv.txt', 'Filipenses_2_mpm.txt', 'Filipenses_2_mks.txt', 'Filipenses_2_mjc.txt', 'Filipenses_2_miy.txt', 'Filipenses_2_mit.txt', 'Filipenses_2_mio.txt', 'Filipenses_2_mih.txt', 'Filipenses_2_mie.txt']"
"['Filipenses_3_IJSUD.txt', 'Filipenses_3_esp_rva.txt', 'Filipenses_3_esp_a.txt']","['Filipenses_3_xtm.txt', 'Filipenses_3_mza.txt', 'Filipenses_3_mxv.txt', 'Filipenses_3_mpm.txt', 'Filipenses_3_mks.txt', 'Filipenses_3_mjc.txt', 'Filipenses_3_miy.txt', 'Filipenses_3_mit.txt', 'Filipenses_3_mio.txt', 'Filipenses_3_mih.txt', 'Filipenses_3_mie.txt']"
"['Filipenses_4_IJSUD.txt', 'Filipenses_4_esp_rva.txt', 'Filipenses_4_esp_a.txt']","['Filipenses_4_xtm.txt', 'Filipenses_4_mza.txt', 'Filipenses_4_mxv.txt', 'Filipenses_4_mpm.txt', 'Filipenses_4_mks.txt', 'Filipenses_4_mjc.txt', 'Filipenses_4_miy.txt', 'Filipenses_4_mit.txt', 'Filipenses_4_mio.txt', 'Filipenses_4_mih.txt', 'Filipenses_4_mie.txt']"
"['Gálatas_1_IJSUD.txt', 'Gálatas_1_esp_rva.txt', 'Gálatas_1_esp_a.txt']","['Gálatas_1_xtm.txt', 'Gálatas_1_mza.txt', 'Gálatas_1_mxv.txt', 'Gálatas_1_mpm.txt', 'Gálatas_1_mjc.txt', 'Gálatas_1_miy.txt', 'Gálatas_1_mit.txt', 'Gálatas_1_mio.txt', 'Gálatas_1_mih.txt', 'Gálatas_1_mie.txt']"
"['Gálatas_2_IJSUD.txt', 'Gálatas_2_esp_rva.txt', 'Gálatas_2_esp_a.txt']","['Gálatas_2_xtm.txt', 'Gálatas_2_mza.txt', 'Gálatas_2_mxv.txt', 'Gálatas_2_mpm.txt', 'Gálatas_2_mks.txt', 'Gálatas_2_mjc.txt', 'Gálatas_2_miy.txt', 'Gálatas_2_mit.txt', 'Gálatas_2_mio.txt', 'Gálatas_2_mih.txt', 'Gálatas_2_mie.txt']"
"['Gálatas_3_IJSUD.txt', 'Gálatas_3_esp_rva.txt', 'Gálatas_3_esp_a.txt']","['Gálatas_3_xtm.txt', 'Gálatas_3_mza.txt', 'Gálatas_3_mxv.txt', 'Gálatas_3_mpm.txt', 'Gálatas_3_mks.txt', 'Gálatas_3_mjc.txt', 'Gálatas_3_miy.txt', 'Gálatas_3_mit.txt', 'Gálatas_3_mio.txt', 'Gálatas_3_mih.txt', 'Gálatas_3_mie.txt']"
"['Gálatas_4_IJSUD.txt', 'Gálatas_4_esp_rva.txt', 'Gálatas_4_esp_a.txt']","['Gálatas_4_xtm.txt', 'Gálatas_4_mza.txt', 'Gálatas_4_mxv.txt', 'Gálatas_4_mpm.txt', 'Gálatas_4_mks.txt', 'Gálatas_4_mjc.txt', 'Gálatas_4_miy.txt', 'Gálatas_4_mit.txt', 'Gálatas_4_mio.txt', 'Gálatas_4_mih.txt', 'Gálatas_4_mie.txt']"
"['Gálatas_5_IJSUD.txt', 'Gálatas_5_esp_rva.txt', 'Gálatas_5_esp_a.txt']","['Gálatas_5_xtm.txt', 'Gálatas_5_mza.txt', 'Gálatas_5_mxv.txt', 'Gálatas_5_mpm.txt', 'Gálatas_5_mks.txt', 'Gálatas_5_mjc.txt', 'Gálatas_5_miy.txt', 'Gálatas_5_mit.txt', 'Gálatas_5_mio.txt', 'Gálatas_5_mih.txt', 'Gálatas_5_mie.txt']"
"['Gálatas_6_IJSUD.txt', 'Gálatas_6_esp_rva.txt', 'Gálatas_6_esp_a.txt']","['Gálatas_6_xtm.txt', 'Gálatas_6_mza.txt', 'Gálatas_6_mxv.txt', 'Gálatas_6_mpm.txt', 'Gálatas_6_mks.txt', 'Gálatas_6_mjc.txt', 'Gálatas_6_miy.txt', 'Gálatas_6_mit.txt', 'Gálatas_6_mio.txt', 'Gálatas_6_mih.txt', 'Gálatas_6_mie.txt']"
"['Hebreos_10_IJSUD.txt', 'Hebreos_10_esp_rva.txt', 'Hebreos_10_esp_a.txt']","['Hebreos_10_xtm.txt', 'Hebreos_10_mza.txt', 'Hebreos_10_mxv.txt', 'Hebreos_10_mpm.txt', 'Hebreos_10_mks.txt', 'Hebreos_10_mjc.txt', 'Hebreos_10_miy.txt', 'Hebreos_10_mit.txt', 'Hebreos_10_mio.txt', 'Hebreos_10_mih.txt', 'Hebreos_10_mie.txt']"
"['Hebreos_11_IJSUD.txt', 'Hebreos_11_esp_rva.txt', 'Hebreos_11_esp_a.txt']","['Hebreos_11_xtm.txt', 'Hebreos_11_mza.txt', 'Hebreos_11_mxv.txt', 'Hebreos_11_mpm.txt', 'Hebreos_11_mks.txt', 'Hebreos_11_mjc.txt', 'Hebreos_11_miy.txt', 'Hebreos_11_mit.txt', 'Hebreos_11_mio.txt', 'Hebreos_11_mih.txt', 'Hebreos_11_mie.txt']"
"['Hebreos_12_IJSUD.txt', 'Hebreos_12_esp_rva.txt', 'Hebreos_12_esp_a.txt']","['Hebreos_12_xtm.txt', 'Hebreos_12_mza.txt', 'Hebreos_12_mxv.txt', 'Hebreos_12_mpm.txt', 'Hebreos_12_mks.txt', 'Hebreos_12_mjc.txt', 'Hebreos_12_miy.txt', 'Hebreos_12_mit.txt', 'Hebreos_12_mio.txt', 'Hebreos_12_mih.txt', 'Hebreos_12_mie.txt']"
"['Hebreos_13_IJSUD.txt', 'Hebreos_13_esp_rva.txt', 'Hebreos_13_esp_a.txt']","['Hebreos_13_xtm.txt', 'Hebreos_13_mza.txt', 'Hebreos_13_mxv.txt', 'Hebreos_13_mpm.txt', 'Hebreos_13_mks.txt', 'Hebreos_13_mjc.txt', 'Hebreos_13_miy.txt', 'Hebreos_13_mit.txt', 'Hebreos_13_mio.txt', 'Hebreos_13_mih.txt', 'Hebreos_13_mie.txt']"
"['Hebreos_1_IJSUD.txt', 'Hebreos_1_esp_rva.txt', 'Hebreos_1_esp_a.txt']","['Hebreos_1_xtm.txt', 'Hebreos_1_mza.txt', 'Hebreos_1_mxv.txt', 'Hebreos_1_mpm.txt', 'Hebreos_1_mks.txt', 'Hebreos_1_mjc.txt', 'Hebreos_1_miy.txt', 'Hebreos_1_mit.txt', 'Hebreos_1_mio.txt', 'Hebreos_1_mih.txt', 'Hebreos_1_mie.txt']"
"['Hebreos_2_IJSUD.txt', 'Hebreos_2_esp_rva.txt', 'Hebreos_2_esp_a.txt']","['Hebreos_2_xtm.txt', 'Hebreos_2_mza.txt', 'Hebreos_2_mxv.txt', 'Hebreos_2_mpm.txt', 'Hebreos_2_mks.txt', 'Hebreos_2_mjc.txt', 'Hebreos_2_miy.txt', 'Hebreos_2_mit.txt', 'Hebreos_2_mio.txt', 'Hebreos_2_mih.txt', 'Hebreos_2_mie.txt']"
"['Hebreos_3_IJSUD.txt', 'Hebreos_3_esp_rva.txt', 'Hebreos_3_esp_a.txt']","['Hebreos_3_xtm.txt', 'Hebreos_3_mza.txt', 'Hebreos_3_mxv.txt', 'Hebreos_3_mpm.txt', 'Hebreos_3_mks.txt', 'Hebreos_3_mjc.txt', 'Hebreos_3_miy.txt', 'Hebreos_3_mit.txt', 'Hebreos_3_mio.txt', 'Hebreos_3_mih.txt', 'Hebreos_3_mie.txt']"
"['Hebreos_4_IJSUD.txt', 'Hebreos_4_esp_rva.txt', 'Hebreos_4_esp_a.txt']","['Hebreos_4_xtm.txt', 'Hebreos_4_mza.txt', 'Hebreos_4_mxv.txt', 'Hebreos_4_mpm.txt', 'Hebreos_4_mks.txt', 'Hebreos_4_mjc.txt', 'Hebreos_4_miy.txt', 'Hebreos_4_mit.txt', 'Hebreos_4_mio.txt', 'Hebreos_4_mih.txt', 'Hebreos_4_mie.txt']"
"['Hebreos_5_IJSUD.txt', 'Hebreos_5_esp_rva.txt', 'Hebreos_5_esp_a.txt']","['Hebreos_5_mza.txt', 'Hebreos_5_mxv.txt', 'Hebreos_5_mpm.txt', 'Hebreos_5_mks.txt', 'Hebreos_5_mjc.txt', 'Hebreos_5_miy.txt', 'Hebreos_5_mit.txt', 'Hebreos_5_mio.txt', 'Hebreos_5_mih.txt', 'Hebreos_5_mie.txt']"
"['Hebreos_6_IJSUD.txt', 'Hebreos_6_esp_rva.txt', 'Hebreos_6_esp_a.txt']","['Hebreos_6_xtm.txt', 'Hebreos_6_mza.txt', 'Hebreos_6_mxv.txt', 'Hebreos_6_mpm.txt', 'Hebreos_6_mks.txt', 'Hebreos_6_mjc.txt', 'Hebreos_6_miy.txt', 'Hebreos_6_mit.txt', 'Hebreos_6_mio.txt', 'Hebreos_6_mih.txt', 'Hebreos_6_mie.txt']"
"['Hebreos_7_IJSUD.txt', 'Hebreos_7_esp_rva.txt', 'Hebreos_7_esp_a.txt']","['Hebreos_7_xtm.txt', 'Hebreos_7_mza.txt', 'Hebreos_7_mxv.txt', 'Hebreos_7_mpm.txt', 'Hebreos_7_mks.txt', 'Hebreos_7_mjc.txt', 'Hebreos_7_miy.txt', 'Hebreos_7_mit.txt', 'Hebreos_7_mio.txt', 'Hebreos_7_mih.txt', 'Hebreos_7_mie.txt']"
"['Hebreos_8_IJSUD.txt', 'Hebreos_8_esp_rva.txt', 'Hebreos_8_esp_a.txt']","['Hebreos_8_xtm.txt', 'Hebreos_8_mza.txt', 'Hebreos_8_mxv.txt', 'Hebreos_8_mpm.txt', 'Hebreos_8_mks.txt', 'Hebreos_8_mjc.txt', 'Hebreos_8_miy.txt', 'Hebreos_8_mit.txt', 'Hebreos_8_mio.txt', 'Hebreos_8_mih.txt', 'Hebreos_8_mie.txt']"
"['Hebreos_9_IJSUD.txt', 'Hebreos_9_esp_rva.txt', 'Hebreos_9_esp_a.txt']","['Hebreos_9_xtm.txt', 'Hebreos_9_mza.txt', 'Hebreos_9_mxv.txt', 'Hebreos_9_mpm.txt', 'Hebreos_9_mks.txt', 'Hebreos_9_mjc.txt', 'Hebreos_9_miy.txt', 'Hebreos_9_mit.txt', 'Hebreos_9_mio.txt', 'Hebreos_9_mih.txt', 'Hebreos_9_mie.txt']"
"['Hechos_10_IJSUD.txt', 'Hechos_10_esp_rva.txt', 'Hechos_10_esp_a.txt']","['Hechos_10_xtm.txt', 'Hechos_10_mza.txt', 'Hechos_10_mxv.txt', 'Hechos_10_mpm.txt', 'Hechos_10_mks.txt', 'Hechos_10_mjc.txt', 'Hechos_10_miy.txt', 'Hechos_10_mit.txt', 'Hechos_10_mio.txt', 'Hechos_10_mih.txt', 'Hechos_10_mie.txt']"
"['Hechos_11_esp_rva.txt', 'Hechos_11_IJSUD.txt', 'Hechos_11_esp_a.txt']","['Hechos_11_xtm.txt', 'Hechos_11_mza.txt', 'Hechos_11_mxv.txt', 'Hechos_11_mpm.txt', 'Hechos_11_mks.txt', 'Hechos_11_mjc.txt', 'Hechos_11_miy.txt', 'Hechos_11_mit.txt', 'Hechos_11_mio.txt', 'Hechos_11_mih.txt', 'Hechos_11_mie.txt']"
"['Hechos_12_IJSUD.txt', 'Hechos_12_esp_rva.txt', 'Hechos_12_esp_a.txt']","['Hechos_12_xtm.txt', 'Hechos_12_mza.txt', 'Hechos_12_mxv.txt', 'Hechos_12_mpm.txt', 'Hechos_12_mks.txt', 'Hechos_12_mjc.txt', 'Hechos_12_miy.txt', 'Hechos_12_mit.txt', 'Hechos_12_mio.txt', 'Hechos_12_mih.txt', 'Hechos_12_mie.txt']"
"['Hechos_13_IJSUD.txt', 'Hechos_13_esp_rva.txt', 'Hechos_13_esp_a.txt']","['Hechos_13_xtm.txt', 'Hechos_13_mza.txt', 'Hechos_13_mxv.txt', 'Hechos_13_mpm.txt', 'Hechos_13_mks.txt', 'Hechos_13_mjc.txt', 'Hechos_13_miy.txt', 'Hechos_13_mit.txt', 'Hechos_13_mio.txt', 'Hechos_13_mih.txt', 'Hechos_13_mie.txt']"
"['Hechos_14_IJSUD.txt', 'Hechos_14_esp_rva.txt', 'Hechos_14_esp_a.txt']","['Hechos_14_xtm.txt', 'Hechos_14_mza.txt', 'Hechos_14_mxv.txt', 'Hechos_14_mpm.txt', 'Hechos_14_mks.txt', 'Hechos_14_mjc.txt', 'Hechos_14_miy.txt', 'Hechos_14_mit.txt', 'Hechos_14_mio.txt', 'Hechos_14_mih.txt', 'Hechos_14_mie.txt']"
"['Hechos_15_IJSUD.txt', 'Hechos_15_esp_rva.txt', 'Hechos_15_esp_a.txt']","['Hechos_15_xtm.txt', 'Hechos_15_mza.txt', 'Hechos_15_mxv.txt', 'Hechos_15_mpm.txt', 'Hechos_15_mks.txt', 'Hechos_15_mjc.txt', 'Hechos_15_miy.txt', 'Hechos_15_mit.txt', 'Hechos_15_mio.txt', 'Hechos_15_mih.txt', 'Hechos_15_mie.txt']"
"['Hechos_16_IJSUD.txt', 'Hechos_16_esp_rva.txt', 'Hechos_16_esp_a.txt']","['Hechos_16_xtm.txt', 'Hechos_16_mza.txt', 'Hechos_16_mxv.txt', 'Hechos_16_mpm.txt', 'Hechos_16_mks.txt', 'Hechos_16_mjc.txt', 'Hechos_16_miy.txt', 'Hechos_16_mit.txt', 'Hechos_16_mio.txt', 'Hechos_16_mih.txt', 'Hechos_16_mie.txt']"
"['Hechos_17_IJSUD.txt', 'Hechos_17_esp_rva.txt', 'Hechos_17_esp_a.txt']","['Hechos_17_xtm.txt', 'Hechos_17_mza.txt', 'Hechos_17_mxv.txt', 'Hechos_17_mpm.txt', 'Hechos_17_mks.txt', 'Hechos_17_mjc.txt', 'Hechos_17_miy.txt', 'Hechos_17_mit.txt', 'Hechos_17_mio.txt', 'Hechos_17_mih.txt', 'Hechos_17_mie.txt']"
"['Hechos_18_IJSUD.txt', 'Hechos_18_esp_rva.txt', 'Hechos_18_esp_a.txt']","['Hechos_18_xtm.txt', 'Hechos_18_mza.txt', 'Hechos_18_mxv.txt', 'Hechos_18_mpm.txt', 'Hechos_18_mks.txt', 'Hechos_18_mjc.txt', 'Hechos_18_miy.txt', 'Hechos_18_mit.txt', 'Hechos_18_mio.txt', 'Hechos_18_mih.txt', 'Hechos_18_mie.txt']"
"['Hechos_19_IJSUD.txt', 'Hechos_19_esp_rva.txt', 'Hechos_19_esp_a.txt']","['Hechos_19_xtm.txt', 'Hechos_19_mza.txt', 'Hechos_19_mxv.txt', 'Hechos_19_mpm.txt', 'Hechos_19_mks.txt', 'Hechos_19_mjc.txt', 'Hechos_19_miy.txt', 'Hechos_19_mit.txt', 'Hechos_19_mio.txt', 'Hechos_19_mih.txt', 'Hechos_19_mie.txt']"
"['Hechos_1_IJSUD.txt', 'Hechos_1_esp_rva.txt', 'Hechos_1_esp_a.txt']","['Hechos_1_xtm.txt', 'Hechos_1_mza.txt', 'Hechos_1_mxv.txt', 'Hechos_1_mpm.txt', 'Hechos_1_mks.txt', 'Hechos_1_mjc.txt', 'Hechos_1_miy.txt', 'Hechos_1_mit.txt', 'Hechos_1_mio.txt', 'Hechos_1_mih.txt', 'Hechos_1_mie.txt']"
"['Hechos_20_IJSUD.txt', 'Hechos_20_esp_rva.txt', 'Hechos_20_esp_a.txt']","['Hechos_20_xtm.txt', 'Hechos_20_mza.txt', 'Hechos_20_mxv.txt', 'Hechos_20_mpm.txt', 'Hechos_20_mks.txt', 'Hechos_20_mjc.txt', 'Hechos_20_miy.txt', 'Hechos_20_mit.txt', 'Hechos_20_mio.txt', 'Hechos_20_mih.txt', 'Hechos_20_mie.txt']"
"['Hechos_21_IJSUD.txt', 'Hechos_21_esp_rva.txt', 'Hechos_21_esp_a.txt']","['Hechos_21_xtm.txt', 'Hechos_21_mza.txt', 'Hechos_21_mxv.txt', 'Hechos_21_mpm.txt', 'Hechos_21_mks.txt', 'Hechos_21_mjc.txt', 'Hechos_21_miy.txt', 'Hechos_21_mit.txt', 'Hechos_21_mio.txt', 'Hechos_21_mih.txt', 'Hechos_21_mie.txt']"
"['Hechos_22_IJSUD.txt', 'Hechos_22_esp_rva.txt', 'Hechos_22_esp_a.txt']","['Hechos_22_xtm.txt', 'Hechos_22_mza.txt', 'Hechos_22_mxv.txt', 'Hechos_22_mpm.txt', 'Hechos_22_mks.txt', 'Hechos_22_mjc.txt', 'Hechos_22_miy.txt', 'Hechos_22_mit.txt', 'Hechos_22_mio.txt', 'Hechos_22_mih.txt', 'Hechos_22_mie.txt']"
"['Hechos_23_IJSUD.txt', 'Hechos_23_esp_rva.txt', 'Hechos_23_esp_a.txt']","['Hechos_23_xtm.txt', 'Hechos_23_mza.txt', 'Hechos_23_mxv.txt', 'Hechos_23_mpm.txt', 'Hechos_23_mks.txt', 'Hechos_23_mjc.txt', 'Hechos_23_miy.txt', 'Hechos_23_mit.txt', 'Hechos_23_mio.txt', 'Hechos_23_mih.txt', 'Hechos_23_mie.txt']"
"['Hechos_24_IJSUD.txt', 'Hechos_24_esp_rva.txt', 'Hechos_24_esp_a.txt']","['Hechos_24_xtm.txt', 'Hechos_24_mza.txt', 'Hechos_24_mxv.txt', 'Hechos_24_mpm.txt', 'Hechos_24_mks.txt', 'Hechos_24_mjc.txt', 'Hechos_24_miy.txt', 'Hechos_24_mio.txt', 'Hechos_24_mih.txt', 'Hechos_24_mie.txt']"
"['Hechos_25_IJSUD.txt', 'Hechos_25_esp_rva.txt', 'Hechos_25_esp_a.txt']","['Hechos_25_xtm.txt', 'Hechos_25_mza.txt', 'Hechos_25_mxv.txt', 'Hechos_25_mpm.txt', 'Hechos_25_mjc.txt', 'Hechos_25_miy.txt', 'Hechos_25_mit.txt', 'Hechos_25_mio.txt', 'Hechos_25_mih.txt', 'Hechos_25_mie.txt']"
"['Hechos_26_IJSUD.txt', 'Hechos_26_esp_rva.txt', 'Hechos_26_esp_a.txt']","['Hechos_26_xtm.txt', 'Hechos_26_mza.txt', 'Hechos_26_mxv.txt', 'Hechos_26_mpm.txt', 'Hechos_26_mks.txt', 'Hechos_26_mjc.txt', 'Hechos_26_miy.txt', 'Hechos_26_mit.txt', 'Hechos_26_mio.txt', 'Hechos_26_mih.txt', 'Hechos_26_mie.txt']"
"['Hechos_27_IJSUD.txt', 'Hechos_27_esp_rva.txt', 'Hechos_27_esp_a.txt']","['Hechos_27_xtm.txt', 'Hechos_27_mza.txt', 'Hechos_27_mxv.txt', 'Hechos_27_mpm.txt', 'Hechos_27_mks.txt', 'Hechos_27_mjc.txt', 'Hechos_27_miy.txt', 'Hechos_27_mit.txt', 'Hechos_27_mio.txt', 'Hechos_27_mih.txt', 'Hechos_27_mie.txt']"
"['Hechos_28_IJSUD.txt', 'Hechos_28_esp_rva.txt', 'Hechos_28_esp_a.txt']","['Hechos_28_xtm.txt', 'Hechos_28_mza.txt', 'Hechos_28_mxv.txt', 'Hechos_28_mpm.txt', 'Hechos_28_mks.txt', 'Hechos_28_mjc.txt', 'Hechos_28_mit.txt', 'Hechos_28_mio.txt', 'Hechos_28_mih.txt', 'Hechos_28_mie.txt']"
"['Hechos_2_IJSUD.txt', 'Hechos_2_esp_rva.txt', 'Hechos_2_esp_a.txt']","['Hechos_2_xtm.txt', 'Hechos_2_mza.txt', 'Hechos_2_mxv.txt', 'Hechos_2_mpm.txt', 'Hechos_2_mks.txt', 'Hechos_2_mjc.txt', 'Hechos_2_miy.txt', 'Hechos_2_mit.txt', 'Hechos_2_mio.txt', 'Hechos_2_mih.txt', 'Hechos_2_mie.txt']"
"['Hechos_3_IJSUD.txt', 'Hechos_3_esp_rva.txt', 'Hechos_3_esp_a.txt']","['Hechos_3_xtm.txt', 'Hechos_3_mza.txt', 'Hechos_3_mxv.txt', 'Hechos_3_mpm.txt', 'Hechos_3_mks.txt', 'Hechos_3_mjc.txt', 'Hechos_3_miy.txt', 'Hechos_3_mit.txt', 'Hechos_3_mio.txt', 'Hechos_3_mih.txt', 'Hechos_3_mie.txt']"
"['Hechos_4_IJSUD.txt', 'Hechos_4_esp_rva.txt', 'Hechos_4_esp_a.txt']","['Hechos_4_xtm.txt', 'Hechos_4_mza.txt', 'Hechos_4_mxv.txt', 'Hechos_4_mpm.txt', 'Hechos_4_mks.txt', 'Hechos_4_mjc.txt', 'Hechos_4_miy.txt', 'Hechos_4_mit.txt', 'Hechos_4_mio.txt', 'Hechos_4_mih.txt', 'Hechos_4_mie.txt']"
"['Hechos_5_IJSUD.txt', 'Hechos_5_esp_rva.txt', 'Hechos_5_esp_a.txt']","['Hechos_5_xtm.txt', 'Hechos_5_mza.txt', 'Hechos_5_mxv.txt', 'Hechos_5_mpm.txt', 'Hechos_5_mks.txt', 'Hechos_5_mjc.txt', 'Hechos_5_miy.txt', 'Hechos_5_mio.txt', 'Hechos_5_mih.txt', 'Hechos_5_mie.txt']"
"['Hechos_6_IJSUD.txt', 'Hechos_6_esp_rva.txt', 'Hechos_6_esp_a.txt']","['Hechos_6_xtm.txt', 'Hechos_6_mza.txt', 'Hechos_6_mxv.txt', 'Hechos_6_mpm.txt', 'Hechos_6_mks.txt', 'Hechos_6_mjc.txt', 'Hechos_6_miy.txt', 'Hechos_6_mit.txt', 'Hechos_6_mio.txt', 'Hechos_6_mih.txt', 'Hechos_6_mie.txt']"
"['Hechos_7_IJSUD.txt', 'Hechos_7_esp_rva.txt', 'Hechos_7_esp_a.txt']","['Hechos_7_xtm.txt', 'Hechos_7_nhi.txt', 'Hechos_7_mza.txt', 'Hechos_7_mxv.txt', 'Hechos_7_mpm.txt', 'Hechos_7_mks.txt', 'Hechos_7_mjc.txt', 'Hechos_7_miy.txt', 'Hechos_7_mio.txt', 'Hechos_7_mih.txt', 'Hechos_7_mie.txt']"
"['Hechos_8_IJSUD.txt', 'Hechos_8_esp_rva.txt', 'Hechos_8_esp_a.txt']","['Hechos_8_xtm.txt', 'Hechos_8_mza.txt', 'Hechos_8_mxv.txt', 'Hechos_8_mpm.txt', 'Hechos_8_mks.txt', 'Hechos_8_mjc.txt', 'Hechos_8_miy.txt', 'Hechos_8_mit.txt', 'Hechos_8_mio.txt', 'Hechos_8_mih.txt', 'Hechos_8_mie.txt']"
"['Hechos_9_IJSUD.txt', 'Hechos_9_esp_rva.txt', 'Hechos_9_esp_a.txt']","['Hechos_9_xtm.txt', 'Hechos_9_mza.txt', 'Hechos_9_mxv.txt', 'Hechos_9_mpm.txt', 'Hechos_9_mks.txt', 'Hechos_9_mjc.txt', 'Hechos_9_miy.txt', 'Hechos_9_mit.txt', 'Hechos_9_mio.txt', 'Hechos_9_mih.txt', 'Hechos_9_mie.txt']"
"['Juan_10_IJSUD.txt', 'Juan_10_esp_rva.txt', 'Juan_10_esp_a.txt']","['Juan_10_xtm.txt', 'Juan_10_mxv.txt', 'Juan_10_mpm.txt', 'Juan_10_mks.txt', 'Juan_10_mjc.txt', 'Juan_10_miy.txt', 'Juan_10_mit.txt', 'Juan_10_mih.txt', 'Juan_10_mie.txt']"
"['Juan_11_IJSUD.txt', 'Juan_11_esp_rva.txt', 'Juan_11_esp_a.txt']","['Juan_11_xtm.txt', 'Juan_11_mza.txt', 'Juan_11_mxv.txt', 'Juan_11_mpm.txt', 'Juan_11_mks.txt', 'Juan_11_mjc.txt', 'Juan_11_miy.txt', 'Juan_11_mit.txt', 'Juan_11_mio.txt', 'Juan_11_mih.txt', 'Juan_11_mie.txt']"
"['Juan_12_IJSUD.txt', 'Juan_12_esp_rva.txt', 'Juan_12_esp_a.txt']","['Juan_12_xtm.txt', 'Juan_12_mza.txt', 'Juan_12_mxv.txt', 'Juan_12_mpm.txt', 'Juan_12_mks.txt', 'Juan_12_mjc.txt', 'Juan_12_miy.txt', 'Juan_12_mit.txt', 'Juan_12_mio.txt', 'Juan_12_mih.txt', 'Juan_12_mie.txt']"
"['Juan_13_esp_rva.txt', 'Juan_13_IJSUD.txt', 'Juan_13_esp_a.txt']","['Juan_13_xtm.txt', 'Juan_13_mza.txt', 'Juan_13_mxv.txt', 'Juan_13_mpm.txt', 'Juan_13_mks.txt', 'Juan_13_mjc.txt', 'Juan_13_miy.txt', 'Juan_13_mit.txt', 'Juan_13_mio.txt', 'Juan_13_mih.txt', 'Juan_13_mie.txt']"
"['Juan_14_IJSUD.txt', 'Juan_14_esp_rva.txt', 'Juan_14_esp_a.txt']","['Juan_14_xtm.txt', 'Juan_14_mza.txt', 'Juan_14_mxv.txt', 'Juan_14_mpm.txt', 'Juan_14_mks.txt', 'Juan_14_mjc.txt', 'Juan_14_miy.txt', 'Juan_14_mit.txt', 'Juan_14_mio.txt', 'Juan_14_mih.txt', 'Juan_14_mie.txt']"
"['Juan_15_IJSUD.txt', 'Juan_15_esp_rva.txt', 'Juan_15_esp_a.txt']","['Juan_15_xtm.txt', 'Juan_15_mza.txt', 'Juan_15_mxv.txt', 'Juan_15_mpm.txt', 'Juan_15_mks.txt', 'Juan_15_miy.txt', 'Juan_15_mit.txt', 'Juan_15_mio.txt', 'Juan_15_mih.txt', 'Juan_15_mie.txt']"
"['Juan_16_IJSUD.txt', 'Juan_16_esp_rva.txt', 'Juan_16_esp_a.txt']","['Juan_16_xtm.txt', 'Juan_16_mza.txt', 'Juan_16_mxv.txt', 'Juan_16_mpm.txt', 'Juan_16_mks.txt', 'Juan_16_mjc.txt', 'Juan_16_mit.txt', 'Juan_16_mio.txt', 'Juan_16_mih.txt', 'Juan_16_mie.txt', 'Juan_16_maa.txt']"
"['Juan_17_IJSUD.txt', 'Juan_17_esp_rva.txt', 'Juan_17_esp_a.txt']","['Juan_17_xtm.txt', 'Juan_17_mza.txt', 'Juan_17_mxv.txt', 'Juan_17_mpm.txt', 'Juan_17_mks.txt', 'Juan_17_mjc.txt', 'Juan_17_miy.txt', 'Juan_17_mit.txt', 'Juan_17_mie.txt']"
"['Juan_18_IJSUD.txt', 'Juan_18_esp_rva.txt', 'Juan_18_esp_a.txt']","['Juan_18_xtm.txt', 'Juan_18_mza.txt', 'Juan_18_mxv.txt', 'Juan_18_mpm.txt', 'Juan_18_mks.txt', 'Juan_18_mjc.txt', 'Juan_18_miy.txt', 'Juan_18_mit.txt', 'Juan_18_mio.txt', 'Juan_18_mih.txt', 'Juan_18_mie.txt']"
"['Juan_19_esp_rva.txt', 'Juan_19_IJSUD.txt', 'Juan_19_esp_a.txt']","['Juan_19_xtm.txt', 'Juan_19_mza.txt', 'Juan_19_mxv.txt', 'Juan_19_mpm.txt', 'Juan_19_mks.txt', 'Juan_19_mjc.txt', 'Juan_19_miy.txt', 'Juan_19_mit.txt', 'Juan_19_mio.txt', 'Juan_19_mih.txt', 'Juan_19_mie.txt']"
"['Juan_1_IJSUD.txt', 'Juan_1_esp_rva.txt', 'Juan_1_esp_a.txt']","['Juan_1_xtm.txt', 'Juan_1_mza.txt', 'Juan_1_mxv.txt', 'Juan_1_mpm.txt', 'Juan_1_mks.txt', 'Juan_1_mjc.txt', 'Juan_1_miy.txt', 'Juan_1_mit.txt', 'Juan_1_mio.txt', 'Juan_1_mih.txt', 'Juan_1_mie.txt']"
"['Juan_20_IJSUD.txt', 'Juan_20_esp_rva.txt', 'Juan_20_esp_a.txt']","['Juan_20_xtm.txt', 'Juan_20_mza.txt', 'Juan_20_mxv.txt', 'Juan_20_mpm.txt', 'Juan_20_mks.txt', 'Juan_20_mjc.txt', 'Juan_20_miy.txt', 'Juan_20_mit.txt', 'Juan_20_mio.txt', 'Juan_20_mih.txt', 'Juan_20_mie.txt']"
"['Juan_21_IJSUD.txt', 'Juan_21_esp_rva.txt', 'Juan_21_esp_a.txt']","['Juan_21_xtm.txt', 'Juan_21_mza.txt', 'Juan_21_mxv.txt', 'Juan_21_mpm.txt', 'Juan_21_mks.txt', 'Juan_21_mjc.txt', 'Juan_21_miy.txt', 'Juan_21_mit.txt', 'Juan_21_mio.txt', 'Juan_21_mih.txt', 'Juan_21_mie.txt']"
"['Juan_2_IJSUD.txt', 'Juan_2_esp_rva.txt', 'Juan_2_esp_a.txt']","['Juan_2_xtm.txt', 'Juan_2_mza.txt', 'Juan_2_mxv.txt', 'Juan_2_mpm.txt', 'Juan_2_mks.txt', 'Juan_2_mjc.txt', 'Juan_2_miy.txt', 'Juan_2_mit.txt', 'Juan_2_mio.txt', 'Juan_2_mih.txt', 'Juan_2_mie.txt']"
"['Juan_3_IJSUD.txt', 'Juan_3_esp_rva.txt', 'Juan_3_esp_a.txt']","['Juan_3_xtm.txt', 'Juan_3_mza.txt', 'Juan_3_mxv.txt', 'Juan_3_mpm.txt', 'Juan_3_mks.txt', 'Juan_3_mjc.txt', 'Juan_3_miy.txt', 'Juan_3_mit.txt', 'Juan_3_mio.txt', 'Juan_3_mih.txt', 'Juan_3_mie.txt']"
"['Juan_4_IJSUD.txt', 'Juan_4_esp_a.txt']","['Juan_4_xtm.txt', 'Juan_4_mza.txt', 'Juan_4_mxv.txt', 'Juan_4_mpm.txt', 'Juan_4_mks.txt', 'Juan_4_mjc.txt', 'Juan_4_miy.txt', 'Juan_4_mit.txt', 'Juan_4_mio.txt', 'Juan_4_mih.txt', 'Juan_4_mie.txt']"
"['Juan_5_IJSUD.txt', 'Juan_5_esp_rva.txt', 'Juan_5_esp_a.txt']","['Juan_5_xtm.txt', 'Juan_5_mza.txt', 'Juan_5_mxv.txt', 'Juan_5_mpm.txt', 'Juan_5_mks.txt', 'Juan_5_mjc.txt', 'Juan_5_miy.txt', 'Juan_5_mit.txt', 'Juan_5_mio.txt', 'Juan_5_mih.txt', 'Juan_5_mie.txt']"
"['Juan_6_IJSUD.txt', 'Juan_6_esp_rva.txt', 'Juan_6_esp_a.txt']","['Juan_6_xtm.txt', 'Juan_6_mza.txt', 'Juan_6_mxv.txt', 'Juan_6_mpm.txt', 'Juan_6_mks.txt', 'Juan_6_mjc.txt', 'Juan_6_miy.txt', 'Juan_6_mit.txt', 'Juan_6_mio.txt', 'Juan_6_mih.txt', 'Juan_6_mie.txt']"
"['Juan_7_IJSUD.txt', 'Juan_7_esp_rva.txt', 'Juan_7_esp_a.txt']","['Juan_7_xtm.txt', 'Juan_7_mza.txt', 'Juan_7_mxv.txt', 'Juan_7_mpm.txt', 'Juan_7_mks.txt', 'Juan_7_mjc.txt', 'Juan_7_miy.txt', 'Juan_7_mit.txt', 'Juan_7_mio.txt', 'Juan_7_mih.txt', 'Juan_7_mie.txt']"
"['Juan_8_IJSUD.txt', 'Juan_8_esp_rva.txt', 'Juan_8_esp_a.txt']","['Juan_8_xtm.txt', 'Juan_8_mza.txt', 'Juan_8_mxv.txt', 'Juan_8_mpm.txt', 'Juan_8_mks.txt', 'Juan_8_mjc.txt', 'Juan_8_miy.txt', 'Juan_8_mit.txt', 'Juan_8_mio.txt', 'Juan_8_mih.txt', 'Juan_8_mie.txt']"
"['Juan_9_IJSUD.txt', 'Juan_9_esp_rva.txt', 'Juan_9_esp_a.txt']","['Juan_9_xtm.txt', 'Juan_9_mza.txt', 'Juan_9_mxv.txt', 'Juan_9_mpm.txt', 'Juan_9_mks.txt', 'Juan_9_mjc.txt', 'Juan_9_miy.txt', 'Juan_9_mit.txt', 'Juan_9_mio.txt', 'Juan_9_mih.txt', 'Juan_9_mie.txt']"
"['Judas_1_IJSUD.txt', 'Judas_1_esp_rva.txt', 'Judas_1_esp_a.txt']","['Judas_1_xtm.txt', 'Judas_1_mza.txt', 'Judas_1_mxv.txt', 'Judas_1_mpm.txt', 'Judas_1_mks.txt', 'Judas_1_mjc.txt', 'Judas_1_miy.txt', 'Judas_1_mit.txt', 'Judas_1_mio.txt', 'Judas_1_mih.txt', 'Judas_1_mie.txt']"
['La_cancion_del_gato_ES.txt'],['La_cancion_del_gato_MX.txt']
['La_cucaracha_la_gallina_el_coyote_y_el_señor_ES.txt'],['La_cucaracha_la_gallina_el_coyote_y_el_señor_MX.txt']
['La_milpa_ES.txt'],['La_milpa_MX.txt']
['La_tortuga_que_Luis_encontró_ES.txt'],['La_tortuga_que_Luis_encontró_MX.txt']
['Los_tres_enamorados_miedosos_ES.txt'],['Los_tres_enamorados_miedosos_MX.txt']
"['Lucas_10_IJSUD.txt', 'Lucas_10_esp_rva.txt', 'Lucas_10_esp_a.txt']","['Lucas_10_xtm.txt', 'Lucas_10_mza.txt', 'Lucas_10_mxv.txt', 'Lucas_10_mpm.txt', 'Lucas_10_mks.txt', 'Lucas_10_mjc.txt', 'Lucas_10_miy.txt', 'Lucas_10_mit.txt', 'Lucas_10_mio.txt', 'Lucas_10_mih.txt', 'Lucas_10_mie.txt']"
"['Lucas_11_IJSUD.txt', 'Lucas_11_esp_rva.txt', 'Lucas_11_esp_a.txt']","['Lucas_11_xtm.txt', 'Lucas_11_mza.txt', 'Lucas_11_mxv.txt', 'Lucas_11_mpm.txt', 'Lucas_11_mks.txt', 'Lucas_11_mjc.txt', 'Lucas_11_miy.txt', 'Lucas_11_mit.txt', 'Lucas_11_mio.txt', 'Lucas_11_mih.txt', 'Lucas_11_mie.txt']"
"['Lucas_12_IJSUD.txt', 'Lucas_12_esp_rva.txt', 'Lucas_12_esp_a.txt']","['Lucas_12_xtm.txt', 'Lucas_12_mza.txt', 'Lucas_12_mxv.txt', 'Lucas_12_mpm.txt', 'Lucas_12_mks.txt', 'Lucas_12_mjc.txt', 'Lucas_12_miy.txt', 'Lucas_12_mit.txt', 'Lucas_12_mio.txt', 'Lucas_12_mih.txt', 'Lucas_12_mie.txt']"
"['Lucas_13_IJSUD.txt', 'Lucas_13_esp_rva.txt', 'Lucas_13_esp_a.txt']","['Lucas_13_xtm.txt', 'Lucas_13_mza.txt', 'Lucas_13_mxv.txt', 'Lucas_13_mpm.txt', 'Lucas_13_mks.txt', 'Lucas_13_mjc.txt', 'Lucas_13_miy.txt', 'Lucas_13_mit.txt', 'Lucas_13_mio.txt', 'Lucas_13_mih.txt', 'Lucas_13_mie.txt']"
"['Lucas_14_IJSUD.txt', 'Lucas_14_esp_rva.txt', 'Lucas_14_esp_a.txt']","['Lucas_14_xtm.txt', 'Lucas_14_mza.txt', 'Lucas_14_mxv.txt', 'Lucas_14_mpm.txt', 'Lucas_14_mks.txt', 'Lucas_14_mjc.txt', 'Lucas_14_miy.txt', 'Lucas_14_mit.txt', 'Lucas_14_mio.txt', 'Lucas_14_mih.txt', 'Lucas_14_mie.txt']"
"['Lucas_15_IJSUD.txt', 'Lucas_15_esp_rva.txt', 'Lucas_15_esp_a.txt']","['Lucas_15_xtm.txt', 'Lucas_15_mza.txt', 'Lucas_15_mxv.txt', 'Lucas_15_mpm.txt', 'Lucas_15_mks.txt', 'Lucas_15_mjc.txt', 'Lucas_15_miy.txt', 'Lucas_15_mit.txt', 'Lucas_15_mio.txt', 'Lucas_15_mih.txt', 'Lucas_15_mie.txt']"
"['Lucas_16_IJSUD.txt', 'Lucas_16_esp_rva.txt', 'Lucas_16_esp_a.txt']","['Lucas_16_xtm.txt', 'Lucas_16_mza.txt', 'Lucas_16_mxv.txt', 'Lucas_16_mpm.txt', 'Lucas_16_mks.txt', 'Lucas_16_mjc.txt', 'Lucas_16_miy.txt', 'Lucas_16_mit.txt', 'Lucas_16_mio.txt', 'Lucas_16_mih.txt', 'Lucas_16_mie.txt']"
"['Lucas_17_IJSUD.txt', 'Lucas_17_esp_rva.txt', 'Lucas_17_esp_a.txt']","['Lucas_17_xtm.txt', 'Lucas_17_mza.txt', 'Lucas_17_mxv.txt', 'Lucas_17_mpm.txt', 'Lucas_17_mks.txt', 'Lucas_17_mjc.txt', 'Lucas_17_miy.txt', 'Lucas_17_mit.txt', 'Lucas_17_mio.txt', 'Lucas_17_mih.txt', 'Lucas_17_mie.txt']"
"['Lucas_18_IJSUD.txt', 'Lucas_18_esp_rva.txt', 'Lucas_18_esp_a.txt']","['Lucas_18_xtm.txt', 'Lucas_18_mza.txt', 'Lucas_18_mxv.txt', 'Lucas_18_mpm.txt', 'Lucas_18_mks.txt', 'Lucas_18_mjc.txt', 'Lucas_18_miy.txt', 'Lucas_18_mit.txt', 'Lucas_18_mio.txt', 'Lucas_18_mih.txt', 'Lucas_18_mie.txt']"
"['Lucas_19_IJSUD.txt', 'Lucas_19_esp_rva.txt', 'Lucas_19_esp_a.txt']","['Lucas_19_xtm.txt', 'Lucas_19_mza.txt', 'Lucas_19_mxv.txt', 'Lucas_19_mpm.txt', 'Lucas_19_mks.txt', 'Lucas_19_mjc.txt', 'Lucas_19_miy.txt', 'Lucas_19_mit.txt', 'Lucas_19_mio.txt', 'Lucas_19_mih.txt', 'Lucas_19_mie.txt']"
"['Lucas_1_IJSUD.txt', 'Lucas_1_esp_rva.txt', 'Lucas_1_esp_a.txt']","['Lucas_1_mks.txt', 'Lucas_1_mjc.txt', 'Lucas_1_miy.txt', 'Lucas_1_mit.txt', 'Lucas_1_mio.txt', 'Lucas_1_mih.txt', 'Lucas_1_mie.txt', 'Lucas_1_mpm.txt', 'Lucas_1_mxv.txt', 'Lucas_1_mza.txt', 'Lucas_1_xtm.txt']"
"['Lucas_20_IJSUD.txt', 'Lucas_20_esp_rva.txt', 'Lucas_20_esp_a.txt']","['Lucas_20_xtm.txt', 'Lucas_20_mza.txt', 'Lucas_20_mxv.txt', 'Lucas_20_mpm.txt', 'Lucas_20_mks.txt', 'Lucas_20_mjc.txt', 'Lucas_20_miy.txt', 'Lucas_20_mit.txt', 'Lucas_20_mio.txt', 'Lucas_20_mih.txt', 'Lucas_20_mie.txt']"
"['Lucas_21_IJSUD.txt', 'Lucas_21_esp_rva.txt', 'Lucas_21_esp_a.txt']","['Lucas_21_xtm.txt', 'Lucas_21_mza.txt', 'Lucas_21_mxv.txt', 'Lucas_21_mpm.txt', 'Lucas_21_mks.txt', 'Lucas_21_mjc.txt', 'Lucas_21_miy.txt', 'Lucas_21_mit.txt', 'Lucas_21_mio.txt', 'Lucas_21_mih.txt', 'Lucas_21_mie.txt']"
"['Lucas_22_IJSUD.txt', 'Lucas_22_esp_rva.txt', 'Lucas_22_esp_a.txt']","['Lucas_22_xtm.txt', 'Lucas_22_mza.txt', 'Lucas_22_mxv.txt', 'Lucas_22_mpm.txt', 'Lucas_22_mks.txt', 'Lucas_22_mjc.txt', 'Lucas_22_miy.txt', 'Lucas_22_mit.txt', 'Lucas_22_mio.txt', 'Lucas_22_mih.txt', 'Lucas_22_mie.txt']"
"['Lucas_23_IJSUD.txt', 'Lucas_23_esp_rva.txt', 'Lucas_23_esp_a.txt']","['Lucas_23_xtm.txt', 'Lucas_23_mza.txt', 'Lucas_23_mxv.txt', 'Lucas_23_mpm.txt', 'Lucas_23_mks.txt', 'Lucas_23_mjc.txt', 'Lucas_23_miy.txt', 'Lucas_23_mit.txt', 'Lucas_23_mio.txt', 'Lucas_23_mih.txt', 'Lucas_23_mie.txt']"
"['Lucas_24_IJSUD.txt', 'Lucas_24_esp_rva.txt', 'Lucas_24_esp_a.txt']","['Lucas_24_xtm.txt', 'Lucas_24_mza.txt', 'Lucas_24_mxv.txt', 'Lucas_24_mpm.txt', 'Lucas_24_mks.txt', 'Lucas_24_mjc.txt', 'Lucas_24_miy.txt', 'Lucas_24_mit.txt', 'Lucas_24_mio.txt', 'Lucas_24_mih.txt', 'Lucas_24_mie.txt']"
"['Lucas_2_IJSUD.txt', 'Lucas_2_esp_rva.txt', 'Lucas_2_esp_a.txt']","['Lucas_2_xtm.txt', 'Lucas_2_mza.txt', 'Lucas_2_mxv.txt', 'Lucas_2_mpm.txt', 'Lucas_2_mks.txt', 'Lucas_2_mjc.txt', 'Lucas_2_miy.txt', 'Lucas_2_mit.txt', 'Lucas_2_mio.txt', 'Lucas_2_mih.txt', 'Lucas_2_mie.txt']"
"['Lucas_3_IJSUD.txt', 'Lucas_3_esp_rva.txt', 'Lucas_3_esp_a.txt']","['Lucas_3_mit.txt', 'Lucas_3_mpm.txt', 'Lucas_3_mie.txt', 'Lucas_3_mks.txt', 'Lucas_3_mza.txt', 'Lucas_3_mjc.txt', 'Lucas_3_mio.txt', 'Lucas_3_xtm.txt', 'Lucas_3_mxv.txt', 'Lucas_3_mih.txt', 'Lucas_3_miy.txt']"
"['Lucas_4_IJSUD.txt', 'Lucas_4_esp_rva.txt', 'Lucas_4_esp_a.txt']","['Lucas_4_xtm.txt', 'Lucas_4_mza.txt', 'Lucas_4_mxv.txt', 'Lucas_4_mpm.txt', 'Lucas_4_mks.txt', 'Lucas_4_mjc.txt', 'Lucas_4_miy.txt', 'Lucas_4_mit.txt', 'Lucas_4_mio.txt', 'Lucas_4_mih.txt', 'Lucas_4_mie.txt']"
"['Lucas_5_IJSUD.txt', 'Lucas_5_esp_rva.txt', 'Lucas_5_esp_a.txt']","['Lucas_5_xtm.txt', 'Lucas_5_mza.txt', 'Lucas_5_mxv.txt', 'Lucas_5_mpm.txt', 'Lucas_5_mks.txt', 'Lucas_5_mjc.txt', 'Lucas_5_miy.txt', 'Lucas_5_mit.txt', 'Lucas_5_mio.txt', 'Lucas_5_mih.txt', 'Lucas_5_mie.txt']"
"['Lucas_6_IJSUD.txt', 'Lucas_6_esp_rva.txt', 'Lucas_6_esp_a.txt']","['Lucas_6_xtm.txt', 'Lucas_6_mza.txt', 'Lucas_6_mxv.txt', 'Lucas_6_mpm.txt', 'Lucas_6_mks.txt', 'Lucas_6_mjc.txt', 'Lucas_6_miy.txt', 'Lucas_6_mit.txt', 'Lucas_6_mio.txt', 'Lucas_6_mih.txt', 'Lucas_6_mie.txt']"
"['Lucas_7_IJSUD.txt', 'Lucas_7_esp_rva.txt', 'Lucas_7_esp_a.txt']","['Lucas_7_xtm.txt', 'Lucas_7_mza.txt', 'Lucas_7_mxv.txt', 'Lucas_7_mpm.txt', 'Lucas_7_mks.txt', 'Lucas_7_mjc.txt', 'Lucas_7_miy.txt', 'Lucas_7_mit.txt', 'Lucas_7_mio.txt', 'Lucas_7_mih.txt', 'Lucas_7_mie.txt']"
"['Lucas_8_IJSUD.txt', 'Lucas_8_esp_rva.txt', 'Lucas_8_esp_a.txt']","['Lucas_8_xtm.txt', 'Lucas_8_mza.txt', 'Lucas_8_mxv.txt', 'Lucas_8_mpm.txt', 'Lucas_8_mks.txt', 'Lucas_8_mjc.txt', 'Lucas_8_miy.txt', 'Lucas_8_mit.txt', 'Lucas_8_mio.txt', 'Lucas_8_mih.txt', 'Lucas_8_mie.txt']"
"['Lucas_9_IJSUD.txt', 'Lucas_9_esp_rva.txt', 'Lucas_9_esp_a.txt']","['Lucas_9_xtm.txt', 'Lucas_9_mza.txt', 'Lucas_9_mxv.txt', 'Lucas_9_mpm.txt', 'Lucas_9_mks.txt', 'Lucas_9_mjc.txt', 'Lucas_9_miy.txt', 'Lucas_9_mit.txt', 'Lucas_9_mio.txt', 'Lucas_9_mih.txt', 'Lucas_9_mie.txt']"
"['Marcos_10_IJSUD.txt', 'Marcos_10_esp_rva.txt', 'Marcos_10_esp_a.txt']","['Marcos_10_xtm.txt', 'Marcos_10_vmy.txt', 'Marcos_10_mza.txt', 'Marcos_10_mxv.txt', 'Marcos_10_mpm.txt', 'Marcos_10_mks.txt', 'Marcos_10_mjc.txt', 'Marcos_10_miy.txt', 'Marcos_10_mit.txt', 'Marcos_10_mio.txt', 'Marcos_10_mih.txt', 'Marcos_10_mie.txt']"
"['Marcos_11_IJSUD.txt', 'Marcos_11_esp_rva.txt', 'Marcos_11_esp_a.txt']","['Marcos_11_xtm.txt', 'Marcos_11_mza.txt', 'Marcos_11_mxv.txt', 'Marcos_11_mpm.txt', 'Marcos_11_mks.txt', 'Marcos_11_mjc.txt', 'Marcos_11_miy.txt', 'Marcos_11_mit.txt', 'Marcos_11_mio.txt', 'Marcos_11_mih.txt', 'Marcos_11_mie.txt']"
"['Marcos_12_IJSUD.txt', 'Marcos_12_esp_rva.txt', 'Marcos_12_esp_a.txt']","['Marcos_12_xtm.txt', 'Marcos_12_mza.txt', 'Marcos_12_mxv.txt', 'Marcos_12_mpm.txt', 'Marcos_12_mks.txt', 'Marcos_12_mjc.txt', 'Marcos_12_miy.txt', 'Marcos_12_mit.txt', 'Marcos_12_mio.txt', 'Marcos_12_mih.txt', 'Marcos_12_mie.txt']"
"['Marcos_13_IJSUD.txt', 'Marcos_13_esp_rva.txt', 'Marcos_13_esp_a.txt']","['Marcos_13_xtm.txt', 'Marcos_13_mza.txt', 'Marcos_13_mxv.txt', 'Marcos_13_mpm.txt', 'Marcos_13_mks.txt', 'Marcos_13_mjc.txt', 'Marcos_13_miy.txt', 'Marcos_13_mit.txt', 'Marcos_13_mio.txt', 'Marcos_13_mih.txt', 'Marcos_13_mie.txt']"
"['Marcos_14_IJSUD.txt', 'Marcos_14_esp_rva.txt', 'Marcos_14_esp_a.txt']","['Marcos_14_xtm.txt', 'Marcos_14_mza.txt', 'Marcos_14_mxv.txt', 'Marcos_14_mpm.txt', 'Marcos_14_mks.txt', 'Marcos_14_mjc.txt', 'Marcos_14_miy.txt', 'Marcos_14_mit.txt', 'Marcos_14_mio.txt', 'Marcos_14_mih.txt', 'Marcos_14_mie.txt']"
"['Marcos_15_IJSUD.txt', 'Marcos_15_esp_rva.txt', 'Marcos_15_esp_a.txt']","['Marcos_15_xtm.txt', 'Marcos_15_mza.txt', 'Marcos_15_mxv.txt', 'Marcos_15_mpm.txt', 'Marcos_15_mks.txt', 'Marcos_15_mjc.txt', 'Marcos_15_miy.txt', 'Marcos_15_mit.txt', 'Marcos_15_mio.txt', 'Marcos_15_mih.txt', 'Marcos_15_mie.txt']"
"['Marcos_16_IJSUD.txt', 'Marcos_16_esp_rva.txt', 'Marcos_16_esp_a.txt']","['Marcos_16_xtm.txt', 'Marcos_16_vmy.txt', 'Marcos_16_mza.txt', 'Marcos_16_mxv.txt', 'Marcos_16_mpm.txt', 'Marcos_16_mks.txt', 'Marcos_16_mjc.txt', 'Marcos_16_miy.txt', 'Marcos_16_mit.txt', 'Marcos_16_mio.txt', 'Marcos_16_mih.txt', 'Marcos_16_mie.txt']"
"['Marcos_1_esp_a.txt', 'Marcos_1_esp_rva.txt', 'Marcos_1_IJSUD.txt']","['Marcos_1_xtm.txt', 'Marcos_1_mza.txt', 'Marcos_1_mxv.txt', 'Marcos_1_mpm.txt', 'Marcos_1_mks.txt', 'Marcos_1_mjc.txt', 'Marcos_1_miy.txt', 'Marcos_1_mit.txt', 'Marcos_1_mio.txt', 'Marcos_1_mih.txt', 'Marcos_1_mie.txt']"
"['Marcos_2_IJSUD.txt', 'Marcos_2_esp_rva.txt', 'Marcos_2_esp_a.txt']","['Marcos_2_mza.txt', 'Marcos_2_mxv.txt', 'Marcos_2_mpm.txt', 'Marcos_2_mks.txt', 'Marcos_2_xtm.txt', 'Marcos_2_mjc.txt', 'Marcos_2_miy.txt', 'Marcos_2_mit.txt', 'Marcos_2_mio.txt', 'Marcos_2_mih.txt', 'Marcos_2_mie.txt']"
"['Marcos_3_IJSUD.txt', 'Marcos_3_esp_rva.txt', 'Marcos_3_esp_a.txt']","['Marcos_3_xtm.txt', 'Marcos_3_mza.txt', 'Marcos_3_mxv.txt', 'Marcos_3_mpm.txt', 'Marcos_3_mks.txt', 'Marcos_3_mjc.txt', 'Marcos_3_miy.txt', 'Marcos_3_mit.txt', 'Marcos_3_mio.txt', 'Marcos_3_mih.txt', 'Marcos_3_mie.txt']"
"['Marcos_4_IJSUD.txt', 'Marcos_4_esp_rva.txt', 'Marcos_4_esp_a.txt']","['Marcos_4_xtm.txt', 'Marcos_4_mza.txt', 'Marcos_4_mxv.txt', 'Marcos_4_mpm.txt', 'Marcos_4_mks.txt', 'Marcos_4_mjc.txt', 'Marcos_4_miy.txt', 'Marcos_4_mit.txt', 'Marcos_4_mio.txt', 'Marcos_4_mih.txt', 'Marcos_4_mie.txt']"
"['Marcos_5_IJSUD.txt', 'Marcos_5_esp_rva.txt', 'Marcos_5_esp_a.txt']","['Marcos_5_xtm.txt', 'Marcos_5_mza.txt', 'Marcos_5_mxv.txt', 'Marcos_5_mpm.txt', 'Marcos_5_mks.txt', 'Marcos_5_mjc.txt', 'Marcos_5_miy.txt', 'Marcos_5_mit.txt', 'Marcos_5_mio.txt', 'Marcos_5_mih.txt', 'Marcos_5_mie.txt']"
"['Marcos_6_IJSUD.txt', 'Marcos_6_esp_rva.txt', 'Marcos_6_esp_a.txt']","['Marcos_6_xtm.txt', 'Marcos_6_mza.txt', 'Marcos_6_mxv.txt', 'Marcos_6_mpm.txt', 'Marcos_6_mks.txt', 'Marcos_6_mjc.txt', 'Marcos_6_miy.txt', 'Marcos_6_mit.txt', 'Marcos_6_mio.txt', 'Marcos_6_mih.txt', 'Marcos_6_mie.txt']"
"['Marcos_7_IJSUD.txt', 'Marcos_7_esp_rva.txt', 'Marcos_7_esp_a.txt']","['Marcos_7_xtm.txt', 'Marcos_7_mza.txt', 'Marcos_7_mxv.txt', 'Marcos_7_mpm.txt', 'Marcos_7_mks.txt', 'Marcos_7_mjc.txt', 'Marcos_7_miy.txt', 'Marcos_7_mit.txt', 'Marcos_7_mio.txt', 'Marcos_7_mih.txt', 'Marcos_7_mie.txt']"
"['Marcos_8_IJSUD.txt', 'Marcos_8_esp_rva.txt', 'Marcos_8_esp_a.txt']","['Marcos_8_xtm.txt', 'Marcos_8_mza.txt', 'Marcos_8_mxv.txt', 'Marcos_8_mpm.txt', 'Marcos_8_mks.txt', 'Marcos_8_mjc.txt', 'Marcos_8_miy.txt', 'Marcos_8_mit.txt', 'Marcos_8_mio.txt', 'Marcos_8_mih.txt', 'Marcos_8_mie.txt']"
"['Marcos_9_IJSUD.txt', 'Marcos_9_esp_rva.txt', 'Marcos_9_esp_a.txt']","['Marcos_9_xtm.txt', 'Marcos_9_mza.txt', 'Marcos_9_mxv.txt', 'Marcos_9_mpm.txt', 'Marcos_9_mks.txt', 'Marcos_9_mjc.txt', 'Marcos_9_miy.txt', 'Marcos_9_mit.txt', 'Marcos_9_mio.txt', 'Marcos_9_mih.txt', 'Marcos_9_mie.txt']"
"['Mateo_10_IJSUD.txt', 'Mateo_10_esp_rva.txt', 'Mateo_10_esp_a.txt']","['Mateo_10_mpm.txt', 'Mateo_10_mit.txt', 'Mateo_10_mie.txt', 'Mateo_10_mks.txt', 'Mateo_10_mza.txt', 'Mateo_10_mjc.txt', 'Mateo_10_mio.txt', 'Mateo_10_xtm.txt', 'Mateo_10_mxv.txt', 'Mateo_10_mih.txt', 'Mateo_10_miy.txt']"
"['Mateo_11_esp_rva.txt', 'Mateo_11_esp_a.txt', 'Mateo_11_IJSUD.txt']","['Mateo_11_mit.txt', 'Mateo_11_mpm.txt', 'Mateo_11_mie.txt', 'Mateo_11_mks.txt', 'Mateo_11_mza.txt', 'Mateo_11_mjc.txt', 'Mateo_11_mio.txt', 'Mateo_11_xtm.txt', 'Mateo_11_mxv.txt', 'Mateo_11_mih.txt', 'Mateo_11_miy.txt']"
"['Mateo_12_esp_rva.txt', 'Mateo_12_esp_a.txt', 'Mateo_12_IJSUD.txt']","['Mateo_12_xtm.txt', 'Mateo_12_mjc.txt', 'Mateo_12_mza.txt', 'Mateo_12_mxv.txt', 'Mateo_12_mpm.txt', 'Mateo_12_mks.txt', 'Mateo_12_miy.txt', 'Mateo_12_mit.txt', 'Mateo_12_mio.txt', 'Mateo_12_mih.txt', 'Mateo_12_mie.txt']"
"['Mateo_13_IJSUD.txt', 'Mateo_13_esp_rva.txt', 'Mateo_13_esp_a.txt']","['Mateo_13_xtm.txt', 'Mateo_13_mza.txt', 'Mateo_13_mxv.txt', 'Mateo_13_mpm.txt', 'Mateo_13_mks.txt', 'Mateo_13_mjc.txt', 'Mateo_13_miy.txt', 'Mateo_13_mit.txt', 'Mateo_13_mio.txt', 'Mateo_13_mih.txt', 'Mateo_13_mie.txt']"
"['Mateo_14_IJSUD.txt', 'Mateo_14_esp_rva.txt', 'Mateo_14_esp_a.txt']","['Mateo_14_mza.txt', 'Mateo_14_mxv.txt', 'Mateo_14_mpm.txt', 'Mateo_14_mks.txt', 'Mateo_14_mjc.txt', 'Mateo_14_mie.txt', 'Mateo_14_xtm.txt', 'Mateo_14_mit.txt', 'Mateo_14_mio.txt', 'Mateo_14_mih.txt', 'Mateo_14_miy.txt']"
"['Mateo_15_IJSUD.txt', 'Mateo_15_esp_rva.txt', 'Mateo_15_esp_a.txt']","['Mateo_15_xtm.txt', 'Mateo_15_mza.txt', 'Mateo_15_mxv.txt', 'Mateo_15_mpm.txt', 'Mateo_15_mks.txt', 'Mateo_15_mjc.txt', 'Mateo_15_miy.txt', 'Mateo_15_mit.txt', 'Mateo_15_mio.txt', 'Mateo_15_mih.txt', 'Mateo_15_mie.txt']"
"['Mateo_16_IJSUD.txt', 'Mateo_16_esp_rva.txt', 'Mateo_16_esp_a.txt']","['Mateo_16_xtm.txt', 'Mateo_16_mza.txt', 'Mateo_16_mxv.txt', 'Mateo_16_mpm.txt', 'Mateo_16_mks.txt', 'Mateo_16_mjc.txt', 'Mateo_16_miy.txt', 'Mateo_16_mit.txt', 'Mateo_16_mio.txt', 'Mateo_16_mih.txt', 'Mateo_16_mie.txt']"
"['Mateo_17_IJSUD.txt', 'Mateo_17_esp_rva.txt', 'Mateo_17_esp_a.txt']","['Mateo_17_mks.txt', 'Mateo_17_xtm.txt', 'Mateo_17_mza.txt', 'Mateo_17_mxv.txt', 'Mateo_17_mpm.txt', 'Mateo_17_mjc.txt', 'Mateo_17_miy.txt', 'Mateo_17_mit.txt', 'Mateo_17_mio.txt', 'Mateo_17_mih.txt']"
"['Mateo_18_IJSUD.txt', 'Mateo_18_esp_rva.txt', 'Mateo_18_esp_a.txt']","['Mateo_18_xtm.txt', 'Mateo_18_mza.txt', 'Mateo_18_mxv.txt', 'Mateo_18_mpm.txt', 'Mateo_18_mks.txt', 'Mateo_18_mjc.txt', 'Mateo_18_miy.txt', 'Mateo_18_mit.txt', 'Mateo_18_mio.txt', 'Mateo_18_mih.txt', 'Mateo_18_mie.txt']"
"['Mateo_19_IJSUD.txt', 'Mateo_19_esp_rva.txt', 'Mateo_19_esp_a.txt']","['Mateo_19_xtm.txt', 'Mateo_19_mza.txt', 'Mateo_19_mxv.txt', 'Mateo_19_mpm.txt', 'Mateo_19_mks.txt', 'Mateo_19_mjc.txt', 'Mateo_19_miy.txt', 'Mateo_19_mit.txt', 'Mateo_19_mio.txt', 'Mateo_19_mih.txt', 'Mateo_19_mie.txt']"
"['Mateo_1_esp_VJhyvDT.txt', 'Mateo_1_esp_cz8KYuc.txt', 'Mateo_1_esp.txt']","['Mateo_1_mit.txt', 'Mateo_1_mpm.txt', 'Mateo_1_mie.txt', 'Mateo_1_mza.txt', 'Mateo_1_xtm.txt', 'Mateo_1_mks.txt', 'Mateo_1_mjc.txt', 'Mateo_1_mio.txt', 'Mateo_1_mxv.txt', 'Mateo_1_mih.txt', 'Mateo_1_miy.txt']"
"['Mateo_2.txt', 'Mateo_2_esp_rva.txt', 'Mateo_2_esp_a.txt']","['Mateo_2_mit.txt', 'Mateo_2_mks.txt', 'Mateo_2_mpm.txt', 'Mateo_2_mjc.txt', 'Mateo_2_mio.txt', 'Mateo_2_xtm.txt', 'Mateo_2_mxv.txt', 'Mateo_2_mih.txt', 'Mateo_2_miy.txt']"
"['Mateo_20_esp_rva.txt', 'Mateo_20_IJSUD.txt', 'Mateo_20_esp_a.txt']","['Mateo_20_xtm.txt', 'Mateo_20_mza.txt', 'Mateo_20_mxv.txt', 'Mateo_20_mpm.txt', 'Mateo_20_mks.txt', 'Mateo_20_miy.txt', 'Mateo_20_mit.txt', 'Mateo_20_mio.txt', 'Mateo_20_mih.txt', 'Mateo_20_mie.txt']"
"['Mateo_21_esp_rva.txt', 'Mateo_21_IJSUD.txt', 'Mateo_21_esp_a.txt']","['Mateo_21_xtm.txt', 'Mateo_21_mza.txt', 'Mateo_21_mxv.txt', 'Mateo_21_mpm.txt', 'Mateo_21_mks.txt', 'Mateo_21_mjc.txt', 'Mateo_21_miy.txt', 'Mateo_21_mit.txt', 'Mateo_21_mio.txt', 'Mateo_21_mih.txt']"
"['Mateo_22_IJSUD.txt', 'Mateo_22_esp_rva.txt', 'Mateo_22_esp_a.txt']","['Mateo_22_xtm.txt', 'Mateo_22_mza.txt', 'Mateo_22_mxv.txt', 'Mateo_22_mpm.txt', 'Mateo_22_mks.txt', 'Mateo_22_mjc.txt', 'Mateo_22_miy.txt', 'Mateo_22_mit.txt', 'Mateo_22_mio.txt', 'Mateo_22_mih.txt', 'Mateo_22_mie.txt']"
"['Mateo_23_IJSUD.txt', 'Mateo_23_esp_rva.txt', 'Mateo_23_esp_a.txt']","['Mateo_23_xtm.txt', 'Mateo_23_mza.txt', 'Mateo_23_mxv.txt', 'Mateo_23_mpm.txt', 'Mateo_23_mks.txt', 'Mateo_23_mjc.txt', 'Mateo_23_miy.txt', 'Mateo_23_mit.txt', 'Mateo_23_mio.txt', 'Mateo_23_mih.txt', 'Mateo_23_mie.txt']"
"['Mateo_24_esp_rva.txt', 'Mateo_24_IJSUD.txt', 'Mateo_24_esp_a.txt']","['Mateo_24_xtm.txt', 'Mateo_24_mza.txt', 'Mateo_24_mxv.txt', 'Mateo_24_mpm.txt', 'Mateo_24_mjc.txt', 'Mateo_24_miy.txt', 'Mateo_24_mit.txt', 'Mateo_24_mio.txt', 'Mateo_24_mih.txt', 'Mateo_24_mie.txt']"
"['Mateo_25_IJSUD.txt', 'Mateo_25_esp_rva.txt', 'Mateo_25_esp_a.txt']","['Mateo_25_xtm.txt', 'Mateo_25_mza.txt', 'Mateo_25_mxv.txt', 'Mateo_25_mpm.txt', 'Mateo_25_mks.txt', 'Mateo_25_mjc.txt', 'Mateo_25_miy.txt', 'Mateo_25_mit.txt', 'Mateo_25_mio.txt', 'Mateo_25_mih.txt', 'Mateo_25_mie.txt']"
"['Mateo_26_IJSUD.txt', 'Mateo_26_esp_rva.txt', 'Mateo_26_esp_a.txt']","['Mateo_26_xtm.txt', 'Mateo_26_mza.txt', 'Mateo_26_mxv.txt', 'Mateo_26_mpm.txt', 'Mateo_26_mks.txt', 'Mateo_26_mjc.txt', 'Mateo_26_miy.txt', 'Mateo_26_mit.txt', 'Mateo_26_mio.txt', 'Mateo_26_mih.txt', 'Mateo_26_mie.txt']"
"['Mateo_27_IJSUD.txt', 'Mateo_27_esp_rva.txt', 'Mateo_27_esp_a.txt']","['Mateo_27_xtm.txt', 'Mateo_27_mza.txt', 'Mateo_27_mxv.txt', 'Mateo_27_mpm.txt', 'Mateo_27_mks.txt', 'Mateo_27_mjc.txt', 'Mateo_27_miy.txt', 'Mateo_27_mit.txt', 'Mateo_27_mio.txt', 'Mateo_27_mih.txt', 'Mateo_27_mie.txt']"
"['Mateo_28_IJSUD.txt', 'Mateo_28_esp_rva.txt', 'Mateo_28_esp_a.txt']","['Mateo_28_xtm.txt', 'Mateo_28_mza.txt', 'Mateo_28_mxv.txt', 'Mateo_28_mpm.txt', 'Mateo_28_mks.txt', 'Mateo_28_mjc.txt', 'Mateo_28_miy.txt', 'Mateo_28_mit.txt', 'Mateo_28_mio.txt', 'Mateo_28_mih.txt', 'Mateo_28_mie.txt']"
"['Mateo_3_IJSUD.txt', 'Mateo_3_esp_rva.txt', 'Mateo_3_esp_a.txt']","['Mateo_3_mit.txt', 'Mateo_3_mpm.txt', 'Mateo_3_mie.txt', 'Mateo_3_mks.txt', 'Mateo_3_mza.txt', 'Mateo_3_mjc.txt', 'Mateo_3_mio.txt', 'Mateo_3_xtm.txt', 'Mateo_3_mxv.txt', 'Mateo_3_mih.txt', 'Mateo_3_miy.txt', 'Mateo_3_maq.txt']"
"['Mateo_4_IJSUD.txt', 'Mateo_4_esp_rva.txt', 'Mateo_4_esp_a.txt']","['Mateo_4_miy.txt', 'Mateo_4_mit.txt', 'Mateo_4_mpm.txt', 'Mateo_4_mie.txt', 'Mateo_4_mks.txt', 'Mateo_4_mza.txt', 'Mateo_4_mjc.txt', 'Mateo_4_mio.txt', 'Mateo_4_xtm.txt', 'Mateo_4_mxv.txt', 'Mateo_4_mih.txt']"
"['Mateo_5_IJSUD.txt', 'Mateo_5_esp_rva.txt', 'Mateo_5_esp_a.txt']","['Mateo_5_mit.txt', 'Mateo_5_mpm.txt', 'Mateo_5_mie.txt', 'Mateo_5_mks.txt', 'Mateo_5_mza.txt', 'Mateo_5_mjc.txt', 'Mateo_5_mio.txt', 'Mateo_5_xtm.txt', 'Mateo_5_mxv.txt', 'Mateo_5_mih.txt', 'Mateo_5_miy.txt']"
"['Mateo_7_IJSUD.txt', 'Mateo_7_esp_rva.txt', 'Mateo_7_esp_a.txt']","['Mateo_7_xtm.txt', 'Mateo_7_mza.txt', 'Mateo_7_mxv.txt', 'Mateo_7_mpm.txt', 'Mateo_7_mks.txt', 'Mateo_7_mjc.txt', 'Mateo_7_miy.txt', 'Mateo_7_mit.txt', 'Mateo_7_mio.txt', 'Mateo_7_mih.txt', 'Mateo_7_mie.txt']"
"['Mateo_8_IJSUD.txt', 'Mateo_8_esp_rva.txt', 'Mateo_8_esp_a.txt']","['Mateo_8_mit.txt', 'Mateo_8_mpm.txt', 'Mateo_8_mie.txt', 'Mateo_8_mks.txt', 'Mateo_8_mza.txt', 'Mateo_8_mio.txt', 'Mateo_8_xtm.txt', 'Mateo_8_mjc.txt', 'Mateo_8_mxv.txt', 'Mateo_8_mih.txt', 'Mateo_8_miy.txt']"
"['Mateo_9_IJSUD.txt', 'Mateo_9_esp_rva.txt', 'Mateo_9_esp_a.txt']","['Mateo_9_mit.txt', 'Mateo_9_mpm.txt', 'Mateo_9_mie.txt', 'Mateo_9_mks.txt', 'Mateo_9_mza.txt', 'Mateo_9_mjc.txt', 'Mateo_9_mio.txt', 'Mateo_9_xtm.txt', 'Mateo_9_mxv.txt', 'Mateo_9_mih.txt', 'Mateo_9_miy.txt']"
"['Romanos_10_IJSUD.txt', 'Romanos_10_esp_rva.txt', 'Romanos_10_esp_a.txt']","['Romanos_10_xtm.txt', 'Romanos_10_mxv.txt', 'Romanos_10_mks.txt', 'Romanos_10_mjc.txt', 'Romanos_10_miy.txt', 'Romanos_10_mit.txt', 'Romanos_10_mio.txt', 'Romanos_10_mih.txt', 'Romanos_10_mie.txt']"
"['Romanos_11_IJSUD.txt', 'Romanos_11_esp_rva.txt', 'Romanos_11_esp_a.txt']","['Romanos_11_xtm.txt', 'Romanos_11_mza.txt', 'Romanos_11_mxv.txt', 'Romanos_11_mpm.txt', 'Romanos_11_mks.txt', 'Romanos_11_mjc.txt', 'Romanos_11_miy.txt', 'Romanos_11_mit.txt', 'Romanos_11_mio.txt', 'Romanos_11_mih.txt', 'Romanos_11_mie.txt']"
"['Romanos_12_IJSUD.txt', 'Romanos_12_esp_rva.txt', 'Romanos_12_esp_a.txt']","['Romanos_12_xtm.txt', 'Romanos_12_mza.txt', 'Romanos_12_mxv.txt', 'Romanos_12_mpm.txt', 'Romanos_12_mks.txt', 'Romanos_12_mjc.txt', 'Romanos_12_miy.txt', 'Romanos_12_mit.txt', 'Romanos_12_mio.txt', 'Romanos_12_mie.txt']"
"['Romanos_13_IJSUD.txt', 'Romanos_13_esp_rva.txt', 'Romanos_13_esp_a.txt']","['Romanos_13_xtm.txt', 'Romanos_13_mza.txt', 'Romanos_13_mxv.txt', 'Romanos_13_mpm.txt', 'Romanos_13_mks.txt', 'Romanos_13_mjc.txt', 'Romanos_13_miy.txt', 'Romanos_13_mio.txt', 'Romanos_13_mih.txt', 'Romanos_13_mie.txt']"
"['Romanos_14_IJSUD.txt', 'Romanos_14_esp_rva.txt', 'Romanos_14_esp_a.txt']","['Romanos_14_xtm.txt', 'Romanos_14_mza.txt', 'Romanos_14_mxv.txt', 'Romanos_14_mpm.txt', 'Romanos_14_mks.txt', 'Romanos_14_mjc.txt', 'Romanos_14_miy.txt', 'Romanos_14_mit.txt', 'Romanos_14_mio.txt', 'Romanos_14_mih.txt', 'Romanos_14_mie.txt']"
"['Romanos_15_IJSUD.txt', 'Romanos_15_esp_rva.txt', 'Romanos_15_esp_a.txt']","['Romanos_15_xtm.txt', 'Romanos_15_mza.txt', 'Romanos_15_mxv.txt', 'Romanos_15_mpm.txt', 'Romanos_15_mks.txt', 'Romanos_15_mjc.txt', 'Romanos_15_miy.txt', 'Romanos_15_mit.txt', 'Romanos_15_mio.txt', 'Romanos_15_mih.txt', 'Romanos_15_mie.txt']"
"['Romanos_16_IJSUD.txt', 'Romanos_16_esp_rva.txt', 'Romanos_16_esp_a.txt']","['Romanos_16_mio.txt', 'Romanos_16_xtm.txt', 'Romanos_16_mza.txt', 'Romanos_16_mxv.txt', 'Romanos_16_mpm.txt', 'Romanos_16_mks.txt', 'Romanos_16_mjc.txt', 'Romanos_16_miy.txt', 'Romanos_16_mit.txt', 'Romanos_16_mih.txt', 'Romanos_16_mie.txt']"
"['Romanos_1_IJSUD.txt', 'Romanos_1_esp_rva.txt', 'Romanos_1_esp_a.txt']","['Romanos_1_xtm.txt', 'Romanos_1_mza.txt', 'Romanos_1_mxv.txt', 'Romanos_1_mpm.txt', 'Romanos_1_mks.txt', 'Romanos_1_mjc.txt', 'Romanos_1_miy.txt', 'Romanos_1_mit.txt', 'Romanos_1_mio.txt', 'Romanos_1_mih.txt']"
"['Romanos_2_IJSUD.txt', 'Romanos_2_esp_rva.txt', 'Romanos_2_esp_a.txt']","['Romanos_2_xtm.txt', 'Romanos_2_mza.txt', 'Romanos_2_mxv.txt', 'Romanos_2_mpm.txt', 'Romanos_2_mks.txt', 'Romanos_2_mjc.txt', 'Romanos_2_miy.txt', 'Romanos_2_mit.txt', 'Romanos_2_mih.txt', 'Romanos_2_mie.txt']"
"['Romanos_3_IJSUD.txt', 'Romanos_3_esp_rva.txt', 'Romanos_3_esp_a.txt']","['Romanos_3_xtm.txt', 'Romanos_3_mza.txt', 'Romanos_3_mxv.txt', 'Romanos_3_mpm.txt', 'Romanos_3_mks.txt', 'Romanos_3_mjc.txt', 'Romanos_3_miy.txt', 'Romanos_3_mit.txt', 'Romanos_3_mio.txt', 'Romanos_3_mih.txt', 'Romanos_3_mie.txt']"
"['Romanos_4_IJSUD.txt', 'Romanos_4_esp_rva.txt', 'Romanos_4_esp_a.txt']","['Romanos_4_xtm.txt', 'Romanos_4_mza.txt', 'Romanos_4_mxv.txt', 'Romanos_4_mpm.txt', 'Romanos_4_mks.txt', 'Romanos_4_mjc.txt', 'Romanos_4_miy.txt', 'Romanos_4_mit.txt', 'Romanos_4_mio.txt', 'Romanos_4_mih.txt', 'Romanos_4_mie.txt']"
"['Romanos_5_IJSUD.txt', 'Romanos_5_esp_rva.txt', 'Romanos_5_esp_a.txt']","['Romanos_5_xtm.txt', 'Romanos_5_mza.txt', 'Romanos_5_mxv.txt', 'Romanos_5_mpm.txt', 'Romanos_5_mks.txt', 'Romanos_5_mjc.txt', 'Romanos_5_miy.txt', 'Romanos_5_mit.txt', 'Romanos_5_mio.txt', 'Romanos_5_mih.txt', 'Romanos_5_mie.txt']"
"['Romanos_6_IJSUD.txt', 'Romanos_6_esp_rva.txt', 'Romanos_6_esp_a.txt']","['Romanos_6_xtm.txt', 'Romanos_6_mza.txt', 'Romanos_6_mxv.txt', 'Romanos_6_mpm.txt', 'Romanos_6_mks.txt', 'Romanos_6_mjc.txt', 'Romanos_6_miy.txt', 'Romanos_6_mit.txt', 'Romanos_6_mio.txt', 'Romanos_6_mih.txt', 'Romanos_6_mie.txt']"
"['Romanos_7_IJSUD.txt', 'Romanos_7_esp_rva.txt', 'Romanos_7_esp_a.txt']","['Romanos_7_xtm.txt', 'Romanos_7_mza.txt', 'Romanos_7_mxv.txt', 'Romanos_7_mpm.txt', 'Romanos_7_mks.txt', 'Romanos_7_mjc.txt', 'Romanos_7_miy.txt', 'Romanos_7_mit.txt', 'Romanos_7_mio.txt', 'Romanos_7_mih.txt', 'Romanos_7_mie.txt']"
"['Romanos_8_IJSUD.txt', 'Romanos_8_esp_rva.txt', 'Romanos_8_esp_a.txt']","['Romanos_8_xtm.txt', 'Romanos_8_mza.txt', 'Romanos_8_mxv.txt', 'Romanos_8_mpm.txt', 'Romanos_8_mks.txt', 'Romanos_8_mjc.txt', 'Romanos_8_miy.txt', 'Romanos_8_mit.txt', 'Romanos_8_mio.txt', 'Romanos_8_mih.txt', 'Romanos_8_mie.txt']"
"['Romanos_9_IJSUD.txt', 'Romanos_9_esp_rva.txt', 'Romanos_9_esp_a.txt']","['Romanos_9_xtm.txt', 'Romanos_9_mza.txt', 'Romanos_9_mxv.txt', 'Romanos_9_mpm.txt', 'Romanos_9_mks.txt', 'Romanos_9_mjc.txt', 'Romanos_9_miy.txt', 'Romanos_9_mit.txt', 'Romanos_9_mio.txt', 'Romanos_9_mih.txt', 'Romanos_9_mie.txt']"
"['Santiago_1_IJSUD.txt', 'Santiago_1_esp_rva.txt', 'Santiago_1_esp_a.txt']","['Santiago_1_xtm.txt', 'Santiago_1_mza.txt', 'Santiago_1_mxv.txt', 'Santiago_1_mpm.txt', 'Santiago_1_mks.txt', 'Santiago_1_mjc.txt', 'Santiago_1_miy.txt', 'Santiago_1_mit.txt', 'Santiago_1_mio.txt', 'Santiago_1_mih.txt', 'Santiago_1_mie.txt']"
"['Santiago_2_IJSUD.txt', 'Santiago_2_esp_rva.txt', 'Santiago_2_esp_a.txt']","['Santiago_2_xtm.txt', 'Santiago_2_mza.txt', 'Santiago_2_mxv.txt', 'Santiago_2_mpm.txt', 'Santiago_2_mks.txt', 'Santiago_2_mjc.txt', 'Santiago_2_miy.txt', 'Santiago_2_mit.txt', 'Santiago_2_mio.txt', 'Santiago_2_mih.txt', 'Santiago_2_mie.txt']"
"['Santiago_3_IJSUD.txt', 'Santiago_3_esp_rva.txt', 'Santiago_3_esp_a.txt']","['Santiago_3_xtm.txt', 'Santiago_3_mza.txt', 'Santiago_3_mxv.txt', 'Santiago_3_mpm.txt', 'Santiago_3_mks.txt', 'Santiago_3_mjc.txt', 'Santiago_3_miy.txt', 'Santiago_3_mit.txt', 'Santiago_3_mio.txt', 'Santiago_3_mih.txt', 'Santiago_3_mie.txt']"
"['Santiago_4_IJSUD.txt', 'Santiago_4_esp_rva.txt', 'Santiago_4_esp_a.txt']","['Santiago_4_xtm.txt', 'Santiago_4_mza.txt', 'Santiago_4_mxv.txt', 'Santiago_4_mpm.txt', 'Santiago_4_mks.txt', 'Santiago_4_mjc.txt', 'Santiago_4_miy.txt', 'Santiago_4_mit.txt', 'Santiago_4_mio.txt', 'Santiago_4_mih.txt', 'Santiago_4_mie.txt']"
"['Santiago_5_IJSUD.txt', 'Santiago_5_esp_rva.txt', 'Santiago_5_esp_a.txt']","['Santiago_5_xtm.txt', 'Santiago_5_mza.txt', 'Santiago_5_mxv.txt', 'Santiago_5_mpm.txt', 'Santiago_5_mks.txt', 'Santiago_5_mjc.txt', 'Santiago_5_miy.txt', 'Santiago_5_mit.txt', 'Santiago_5_mio.txt', 'Santiago_5_mih.txt', 'Santiago_5_mie.txt']"
"['Tito_1_IJSUD.txt', 'Tito_1_esp_rva.txt', 'Tito_1_esp_a.txt']","['Tito_1_xtm.txt', 'Tito_1_mza.txt', 'Tito_1_mxv.txt', 'Tito_1_mpm.txt', 'Tito_1_mks.txt', 'Tito_1_mjc.txt', 'Tito_1_miy.txt', 'Tito_1_mit.txt', 'Tito_1_mio.txt', 'Tito_1_mih.txt', 'Tito_1_mie.txt']"
"['Tito_2_IJSUD.txt', 'Tito_2_esp_rva.txt', 'Tito_2_esp_a.txt']","['Tito_2_xtm.txt', 'Tito_2_mza.txt', 'Tito_2_mxv.txt', 'Tito_2_mpm.txt', 'Tito_2_mks.txt', 'Tito_2_mjc.txt', 'Tito_2_miy.txt', 'Tito_2_mit.txt', 'Tito_2_mio.txt', 'Tito_2_mih.txt', 'Tito_2_mie.txt']"
"['Tito_3_IJSUD.txt', 'Tito_3_esp_rva.txt', 'Tito_3_esp_a.txt']","['Tito_3_xtm.txt', 'Tito_3_mxv.txt', 'Tito_3_mpm.txt', 'Tito_3_mks.txt', 'Tito_3_mjc.txt', 'Tito_3_miy.txt', 'Tito_3_mit.txt', 'Tito_3_mio.txt', 'Tito_3_mih.txt', 'Tito_3_mie.txt']"
['como_se_cria_un_cochinito_ES.txt'],['como_se_cria_un_cochinito_MX.txt']
['dpac_esp.txt'],['dpac_mixteco-del-oeste.txt']
['¿Está ud en casa__ES.txt'],['¿Está ud en casa__MX.txt']
